posting_text,label,has_whatsapp_apply,has_registration_fee,has_company_email,has_duration_mentioned,has_no_interview,has_earn_daily,text_length
"Business Analytics Internship at Accenture in Gurugram. Mode: Hybrid. Duration 2 months. Stipend ₹10000/month. Selected interns will work on live projects, receive mentorship, certificate, and PPO opportunity. Apply via official careers portal.",1,0,0,1,1,1,0,244
Urgent hiring for interns. Guaranteed income of ₹500/day. Limited seats. Instant selection after payment.,0,1,1,0,1,1,1,105
Work from home internship. Earn ₹2000 daily. No interview. Apply on WhatsApp. Registration fee required.,0,1,1,0,0,1,0,104
"Software Development Internship at Amazon India in Bengaluru. Mode: Hybrid. Duration 2 months. Stipend ₹8000/month. Selected interns will work on live projects, receive mentorship, certificate, and PPO opportunity. Apply via official careers portal.",1,0,0,1,1,0,0,249
"QA Testing Internship at HCLTech in Chennai. Mode: On-site. Duration 3 months. Stipend ₹20000/month. Selected interns will work on live projects, receive mentorship, certificate, and PPO opportunity. Apply via official careers portal.",1,0,0,1,1,1,0,234
"Cybersecurity Internship at Deloitte India in Chennai. Mode: Remote. Duration 2 months. Stipend ₹8000/month. Selected interns will work on live projects, receive mentorship, certificate, and PPO opportunity. Apply via official careers portal.",1,0,0,1,1,0,0,242
"DevOps Internship at Google India in Mumbai. Mode: On-site. Duration 3 months. Stipend ₹15000/month. Selected interns will work on live projects, receive mentorship, certificate, and PPO opportunity. Apply via official careers portal.",1,0,0,1,1,0,0,234
"UI/UX Design Internship at TCS in Noida. Mode: On-site. Duration 6 months. Stipend ₹30000/month. Selected interns will work on live projects, receive mentorship, certificate, and PPO opportunity. Apply via official careers portal.",1,0,0,1,1,0,0,230
Online internship for students. Pay security deposit and start earning immediately. WhatsApp to join.,0,0,0,0,0,1,1,101
"Full Stack Development Internship at Amazon India in Noida. Mode: Hybrid. Duration 6 months. Stipend ₹10000/month. Selected interns will work on live projects, receive mentorship, certificate, and PPO opportunity. Apply via official careers portal.",1,0,0,1,1,0,0,248
Urgent hiring for interns. Guaranteed income of ₹500/day. Limited seats. Instant selection after payment.,0,1,0,0,1,1,1,105
"Embedded Systems Internship at CRED in Chennai. Mode: Hybrid. Duration 4 months. Stipend ₹20000/month. Selected interns will work on live projects, receive mentorship, certificate, and PPO opportunity. Apply via official careers portal.",1,0,0,1,1,0,0,236
"Software Development Internship at Flipkart in Gurugram. Mode: Hybrid. Duration 6 months. Stipend ₹30000/month. Selected interns will work on live projects, receive mentorship, certificate, and PPO opportunity. Apply via official careers portal.",1,0,0,1,1,0,0,245
Part-time internship. No skills needed. Earn money daily. Fast-track joining after registration charge.,0,0,1,0,0,1,1,103
Work from home internship. Earn ₹5000 daily. No interview. Apply on WhatsApp. Registration fee required.,0,1,1,0,1,1,1,104
Urgent hiring for interns. Guaranteed income of ₹5000/day. Limited seats. Instant selection after payment.,0,1,1,0,0,1,1,106
"Full Stack Development Internship at Google India in Mumbai. Mode: On-site. Duration 2 months. Stipend ₹25000/month. Selected interns will work on live projects, receive mentorship, certificate, and PPO opportunity. Apply via official careers portal.",1,0,0,1,1,1,0,250
Online internship for students. Pay security deposit and start earning immediately. WhatsApp to join.,0,1,1,0,0,1,1,101
Urgent hiring for interns. Guaranteed income of ₹3000/day. Limited seats. Instant selection after payment.,0,0,1,0,1,1,1,106
"Machine Learning Internship at Freshworks in Gurugram. Mode: Remote. Duration 2 months. Stipend ₹30000/month. Selected interns will work on live projects, receive mentorship, certificate, and PPO opportunity. Apply via official careers portal.",1,0,0,1,1,1,0,243
"Frontend Development Internship at Flipkart in Noida. Mode: Hybrid. Duration 6 months. Stipend ₹10000/month. Selected interns will work on live projects, receive mentorship, certificate, and PPO opportunity. Apply via official careers portal.",1,0,0,1,1,0,0,242
"QA Testing Internship at Nykaa in Noida. Mode: On-site. Duration 2 months. Stipend ₹30000/month. Selected interns will work on live projects, receive mentorship, certificate, and PPO opportunity. Apply via official careers portal.",1,0,0,1,1,1,0,230
"Cloud Computing Internship at Google India in Noida. Mode: Remote. Duration 2 months. Stipend ₹5000/month. Selected interns will work on live projects, receive mentorship, certificate, and PPO opportunity. Apply via official careers portal.",1,0,0,1,1,0,0,240
"QA Testing Internship at TCS in Pune. Mode: On-site. Duration 2 months. Stipend ₹15000/month. Selected interns will work on live projects, receive mentorship, certificate, and PPO opportunity. Apply via official careers portal.",1,0,0,1,1,1,0,227
"UI/UX Design Internship at Zoho in Bengaluru. Mode: Hybrid. Duration 3 months. Stipend ₹30000/month. Selected interns will work on live projects, receive mentorship, certificate, and PPO opportunity. Apply via official careers portal.",1,0,0,1,1,0,0,234
"Business Analytics Internship at Myntra in Chennai. Mode: On-site. Duration 6 months. Stipend ₹10000/month. Selected interns will work on live projects, receive mentorship, certificate, and PPO opportunity. Apply via official careers portal.",1,0,0,1,1,0,0,241
"Backend Development Internship at Deloitte India in Delhi. Mode: Hybrid. Duration 6 months. Stipend ₹20000/month. Selected interns will work on live projects, receive mentorship, certificate, and PPO opportunity. Apply via official careers portal.",1,0,0,1,1,0,0,247
Work from home internship. Earn ₹2000 daily. No interview. Apply on WhatsApp. Registration fee required.,0,0,1,0,1,1,0,104
Urgent hiring for interns. Guaranteed income of ₹500/day. Limited seats. Instant selection after payment.,0,1,1,0,0,0,1,105
Work from home internship. Earn ₹5000 daily. No interview. Apply on WhatsApp. Registration fee required.,0,1,1,0,0,1,1,104
"Business Analytics Internship at Razorpay in Pune. Mode: On-site. Duration 2 months. Stipend ₹15000/month. Selected interns will work on live projects, receive mentorship, certificate, and PPO opportunity. Apply via official careers portal.",1,0,0,1,1,1,0,240
"Full Stack Development Internship at Accenture in Noida. Mode: On-site. Duration 2 months. Stipend ₹20000/month. Selected interns will work on live projects, receive mentorship, certificate, and PPO opportunity. Apply via official careers portal.",1,0,0,1,1,1,0,246
"Mobile App Development Internship at Paytm in Noida. Mode: On-site. Duration 6 months. Stipend ₹30000/month. Selected interns will work on live projects, receive mentorship, certificate, and PPO opportunity. Apply via official careers portal.",1,0,0,1,1,1,0,242
"Data Science Internship at Nykaa in Gurugram. Mode: Hybrid. Duration 6 months. Stipend ₹10000/month. Selected interns will work on live projects, receive mentorship, certificate, and PPO opportunity. Apply via official careers portal.",1,0,0,1,1,1,0,234
"Full Stack Development Internship at Paytm in Hyderabad. Mode: Remote. Duration 3 months. Stipend ₹8000/month. Selected interns will work on live projects, receive mentorship, certificate, and PPO opportunity. Apply via official careers portal.",1,0,0,1,1,1,0,244
"Business Analytics Internship at Nykaa in Noida. Mode: Hybrid. Duration 4 months. Stipend ₹8000/month. Selected interns will work on live projects, receive mentorship, certificate, and PPO opportunity. Apply via official careers portal.",1,0,0,1,1,0,0,236
"Machine Learning Internship at Google India in Pune. Mode: Hybrid. Duration 6 months. Stipend ₹20000/month. Selected interns will work on live projects, receive mentorship, certificate, and PPO opportunity. Apply via official careers portal.",1,0,0,1,1,0,0,241
"Machine Learning Internship at Amazon India in Bengaluru. Mode: Hybrid. Duration 2 months. Stipend ₹25000/month. Selected interns will work on live projects, receive mentorship, certificate, and PPO opportunity. Apply via official careers portal.",1,0,0,1,1,0,0,246
Online internship for students. Pay security deposit and start earning immediately. WhatsApp to join.,0,1,1,0,0,0,1,101
"Data Science Internship at HCLTech in Mumbai. Mode: Remote. Duration 3 months. Stipend ₹15000/month. Selected interns will work on live projects, receive mentorship, certificate, and PPO opportunity. Apply via official careers portal.",1,0,0,1,1,0,0,234
"Full Stack Development Internship at Tech Mahindra in Mumbai. Mode: Remote. Duration 3 months. Stipend ₹8000/month. Selected interns will work on live projects, receive mentorship, certificate, and PPO opportunity. Apply via official careers portal.",1,0,0,1,1,1,0,249
"Business Analytics Internship at Accenture in Noida. Mode: Hybrid. Duration 4 months. Stipend ₹5000/month. Selected interns will work on live projects, receive mentorship, certificate, and PPO opportunity. Apply via official careers portal.",1,0,0,1,1,0,0,240
"Backend Development Internship at Deloitte India in Bengaluru. Mode: On-site. Duration 4 months. Stipend ₹20000/month. Selected interns will work on live projects, receive mentorship, certificate, and PPO opportunity. Apply via official careers portal.",1,0,0,1,1,0,0,252
Urgent hiring for interns. Guaranteed income of ₹1500/day. Limited seats. Instant selection after payment.,0,0,1,0,1,1,1,106
"Software Development Internship at HCLTech in Chennai. Mode: On-site. Duration 3 months. Stipend ₹5000/month. Selected interns will work on live projects, receive mentorship, certificate, and PPO opportunity. Apply via official careers portal.",1,0,0,1,1,0,0,243
"Data Science Internship at TCS in Mumbai. Mode: Hybrid. Duration 6 months. Stipend ₹30000/month. Selected interns will work on live projects, receive mentorship, certificate, and PPO opportunity. Apply via official careers portal.",1,0,0,1,1,0,0,230
Urgent hiring for interns. Guaranteed income of ₹5000/day. Limited seats. Instant selection after payment.,0,1,1,0,0,1,1,106
"Frontend Development Internship at Paytm in Pune. Mode: Remote. Duration 4 months. Stipend ₹15000/month. Selected interns will work on live projects, receive mentorship, certificate, and PPO opportunity. Apply via official careers portal.",1,0,0,1,1,0,0,238
"Data Science Internship at Deloitte India in Hyderabad. Mode: Remote. Duration 2 months. Stipend ₹15000/month. Selected interns will work on live projects, receive mentorship, certificate, and PPO opportunity. Apply via official careers portal.",1,0,0,1,1,0,0,244
Online internship for students. Pay security deposit and start earning immediately. WhatsApp to join.,0,1,1,0,0,0,0,101
"QA Testing Internship at TCS in Mumbai. Mode: Hybrid. Duration 4 months. Stipend ₹20000/month. Selected interns will work on live projects, receive mentorship, certificate, and PPO opportunity. Apply via official careers portal.",1,0,0,1,1,0,0,228
Part-time internship. No skills needed. Earn money daily. Fast-track joining after registration charge.,0,1,1,0,1,0,0,103
"UI/UX Design Internship at L&T in Noida. Mode: Hybrid. Duration 2 months. Stipend ₹10000/month. Selected interns will work on live projects, receive mentorship, certificate, and PPO opportunity. Apply via official careers portal.",1,0,0,1,1,0,0,229
"Backend Development Internship at Flipkart in Bengaluru. Mode: On-site. Duration 3 months. Stipend ₹20000/month. Selected interns will work on live projects, receive mentorship, certificate, and PPO opportunity. Apply via official careers portal.",1,0,0,1,1,0,0,246
"UI/UX Design Internship at Zoho in Mumbai. Mode: On-site. Duration 6 months. Stipend ₹12000/month. Selected interns will work on live projects, receive mentorship, certificate, and PPO opportunity. Apply via official careers portal.",1,0,0,1,1,0,0,232
"Cloud Computing Internship at TCS in Hyderabad. Mode: On-site. Duration 2 months. Stipend ₹25000/month. Selected interns will work on live projects, receive mentorship, certificate, and PPO opportunity. Apply via official careers portal.",1,0,0,1,1,0,0,237
"Machine Learning Internship at Zoho in Bengaluru. Mode: On-site. Duration 2 months. Stipend ₹12000/month. Selected interns will work on live projects, receive mentorship, certificate, and PPO opportunity. Apply via official careers portal.",1,0,0,1,1,0,0,239
"Business Analytics Internship at Zoho in Chennai. Mode: Hybrid. Duration 3 months. Stipend ₹30000/month. Selected interns will work on live projects, receive mentorship, certificate, and PPO opportunity. Apply via official careers portal.",1,0,0,1,1,0,0,238
"Cloud Computing Internship at Accenture in Mumbai. Mode: On-site. Duration 6 months. Stipend ₹12000/month. Selected interns will work on live projects, receive mentorship, certificate, and PPO opportunity. Apply via official careers portal.",1,0,0,1,1,0,0,240
Work from home internship. Earn ₹2000 daily. No interview. Apply on WhatsApp. Registration fee required.,0,1,1,0,1,0,0,104
"Backend Development Internship at HCLTech in Noida. Mode: Remote. Duration 6 months. Stipend ₹20000/month. Selected interns will work on live projects, receive mentorship, certificate, and PPO opportunity. Apply via official careers portal.",1,0,0,1,1,0,0,240
"DevOps Internship at Zoho in Noida. Mode: On-site. Duration 2 months. Stipend ₹10000/month. Selected interns will work on live projects, receive mentorship, certificate, and PPO opportunity. Apply via official careers portal.",1,0,0,1,1,0,0,225
"Cybersecurity Internship at Nykaa in Bengaluru. Mode: On-site. Duration 3 months. Stipend ₹20000/month. Selected interns will work on live projects, receive mentorship, certificate, and PPO opportunity. Apply via official careers portal.",1,0,0,1,1,0,0,237
"UI/UX Design Internship at Tech Mahindra in Bengaluru. Mode: Hybrid. Duration 6 months. Stipend ₹8000/month. Selected interns will work on live projects, receive mentorship, certificate, and PPO opportunity. Apply via official careers portal.",1,0,0,1,1,0,0,242
"Embedded Systems Internship at TCS in Noida. Mode: On-site. Duration 6 months. Stipend ₹25000/month. Selected interns will work on live projects, receive mentorship, certificate, and PPO opportunity. Apply via official careers portal.",1,0,0,1,1,0,0,234
"Cloud Computing Internship at Deloitte India in Mumbai. Mode: On-site. Duration 6 months. Stipend ₹10000/month. Selected interns will work on live projects, receive mentorship, certificate, and PPO opportunity. Apply via official careers portal.",1,0,0,1,1,0,0,245
"Embedded Systems Internship at Microsoft India in Noida. Mode: Hybrid. Duration 3 months. Stipend ₹30000/month. Selected interns will work on live projects, receive mentorship, certificate, and PPO opportunity. Apply via official careers portal.",1,0,0,1,1,0,0,245
Part-time internship. No skills needed. Earn money daily. Fast-track joining after registration charge.,0,1,0,0,0,1,1,103
"Embedded Systems Internship at Nykaa in Gurugram. Mode: Remote. Duration 6 months. Stipend ₹12000/month. Selected interns will work on live projects, receive mentorship, certificate, and PPO opportunity. Apply via official careers portal.",1,0,0,1,1,0,0,238
"Digital Marketing Internship at Google India in Gurugram. Mode: Remote. Duration 4 months. Stipend ₹15000/month. Selected interns will work on live projects, receive mentorship, certificate, and PPO opportunity. Apply via official careers portal.",1,0,0,1,1,0,0,246
"Machine Learning Internship at Infosys in Mumbai. Mode: Hybrid. Duration 6 months. Stipend ₹30000/month. Selected interns will work on live projects, receive mentorship, certificate, and PPO opportunity. Apply via official careers portal.",1,0,0,1,1,0,0,238
"Frontend Development Internship at Deloitte India in Pune. Mode: On-site. Duration 6 months. Stipend ₹15000/month. Selected interns will work on live projects, receive mentorship, certificate, and PPO opportunity. Apply via official careers portal.",1,0,0,1,1,0,0,248
"Software Development Internship at L&T in Hyderabad. Mode: Remote. Duration 4 months. Stipend ₹12000/month. Selected interns will work on live projects, receive mentorship, certificate, and PPO opportunity. Apply via official careers portal.",1,0,0,1,1,0,0,241
Work from home internship. Earn ₹1000 daily. No interview. Apply on WhatsApp. Registration fee required.,0,1,0,0,0,1,0,104
"UI/UX Design Internship at Nykaa in Delhi. Mode: On-site. Duration 3 months. Stipend ₹30000/month. Selected interns will work on live projects, receive mentorship, certificate, and PPO opportunity. Apply via official careers portal.",1,0,0,1,1,0,0,232
"Data Science Internship at Deloitte India in Hyderabad. Mode: Hybrid. Duration 3 months. Stipend ₹5000/month. Selected interns will work on live projects, receive mentorship, certificate, and PPO opportunity. Apply via official careers portal.",1,0,0,1,1,0,0,243
"Cloud Computing Internship at Freshworks in Pune. Mode: Remote. Duration 6 months. Stipend ₹5000/month. Selected interns will work on live projects, receive mentorship, certificate, and PPO opportunity. Apply via official careers portal.",1,0,0,1,1,0,0,237
"Business Analytics Internship at Wipro in Chennai. Mode: On-site. Duration 6 months. Stipend ₹8000/month. Selected interns will work on live projects, receive mentorship, certificate, and PPO opportunity. Apply via official careers portal.",1,0,0,1,1,0,0,239
"UI/UX Design Internship at Microsoft India in Delhi. Mode: Remote. Duration 2 months. Stipend ₹5000/month. Selected interns will work on live projects, receive mentorship, certificate, and PPO opportunity. Apply via official careers portal.",1,0,0,1,1,1,0,240
"DevOps Internship at HCLTech in Delhi. Mode: On-site. Duration 3 months. Stipend ₹30000/month. Selected interns will work on live projects, receive mentorship, certificate, and PPO opportunity. Apply via official careers portal.",1,0,0,1,1,0,0,228
"Embedded Systems Internship at Google India in Delhi. Mode: Remote. Duration 4 months. Stipend ₹15000/month. Selected interns will work on live projects, receive mentorship, certificate, and PPO opportunity. Apply via official careers portal.",1,0,0,1,1,0,0,242
"Frontend Development Internship at L&T in Delhi. Mode: Hybrid. Duration 6 months. Stipend ₹30000/month. Selected interns will work on live projects, receive mentorship, certificate, and PPO opportunity. Apply via official careers portal.",1,0,0,1,1,0,0,237
"Frontend Development Internship at Zoho in Gurugram. Mode: Hybrid. Duration 6 months. Stipend ₹30000/month. Selected interns will work on live projects, receive mentorship, certificate, and PPO opportunity. Apply via official careers portal.",1,0,0,1,1,1,0,241
"UI/UX Design Internship at Amazon India in Pune. Mode: On-site. Duration 2 months. Stipend ₹15000/month. Selected interns will work on live projects, receive mentorship, certificate, and PPO opportunity. Apply via official careers portal.",1,0,0,1,1,0,0,238
"Business Analytics Internship at Google India in Pune. Mode: On-site. Duration 3 months. Stipend ₹20000/month. Selected interns will work on live projects, receive mentorship, certificate, and PPO opportunity. Apply via official careers portal.",1,0,0,1,1,1,0,244
"QA Testing Internship at Nykaa in Mumbai. Mode: Remote. Duration 6 months. Stipend ₹5000/month. Selected interns will work on live projects, receive mentorship, certificate, and PPO opportunity. Apply via official careers portal.",1,0,0,1,1,0,0,229
Online internship for students. Pay security deposit and start earning immediately. WhatsApp to join.,0,0,0,0,1,0,0,101
Work from home internship. Earn ₹3000 daily. No interview. Apply on WhatsApp. Registration fee required.,0,1,1,0,0,1,0,104
Work from home internship. Earn ₹5000 daily. No interview. Apply on WhatsApp. Registration fee required.,0,1,1,0,1,1,1,104
"Digital Marketing Internship at Google India in Noida. Mode: Remote. Duration 6 months. Stipend ₹12000/month. Selected interns will work on live projects, receive mentorship, certificate, and PPO opportunity. Apply via official careers portal.",1,0,0,1,1,1,0,243
"Embedded Systems Internship at Freshworks in Gurugram. Mode: Hybrid. Duration 4 months. Stipend ₹8000/month. Selected interns will work on live projects, receive mentorship, certificate, and PPO opportunity. Apply via official careers portal.",1,0,0,1,1,1,0,242
"Mobile App Development Internship at Tech Mahindra in Pune. Mode: Remote. Duration 2 months. Stipend ₹25000/month. Selected interns will work on live projects, receive mentorship, certificate, and PPO opportunity. Apply via official careers portal.",1,0,0,1,1,0,0,248
"Software Development Internship at Accenture in Noida. Mode: Hybrid. Duration 2 months. Stipend ₹25000/month. Selected interns will work on live projects, receive mentorship, certificate, and PPO opportunity. Apply via official careers portal.",1,0,0,1,1,0,0,243
"Machine Learning Internship at CRED in Hyderabad. Mode: On-site. Duration 2 months. Stipend ₹20000/month. Selected interns will work on live projects, receive mentorship, certificate, and PPO opportunity. Apply via official careers portal.",1,0,0,1,1,0,0,239
Part-time internship. No skills needed. Earn money daily. Fast-track joining after registration charge.,0,1,0,0,0,1,1,103
"DevOps Internship at Razorpay in Gurugram. Mode: Remote. Duration 6 months. Stipend ₹8000/month. Selected interns will work on live projects, receive mentorship, certificate, and PPO opportunity. Apply via official careers portal.",1,0,0,1,1,1,0,230
Online internship for students. Pay security deposit and start earning immediately. WhatsApp to join.,0,1,1,0,0,1,1,101
"Business Analytics Internship at Freshworks in Gurugram. Mode: Remote. Duration 4 months. Stipend ₹20000/month. Selected interns will work on live projects, receive mentorship, certificate, and PPO opportunity. Apply via official careers portal.",1,0,0,1,1,0,0,245
"Business Analytics Internship at Flipkart in Hyderabad. Mode: On-site. Duration 4 months. Stipend ₹15000/month. Selected interns will work on live projects, receive mentorship, certificate, and PPO opportunity. Apply via official careers portal.",1,0,0,1,1,1,0,245
Part-time internship. No skills needed. Earn money daily. Fast-track joining after registration charge.,0,1,1,0,1,1,0,103
Urgent hiring for interns. Guaranteed income of ₹1000/day. Limited seats. Instant selection after payment.,0,1,1,0,0,0,1,106
"DevOps Internship at Infosys in Noida. Mode: Remote. Duration 3 months. Stipend ₹12000/month. Selected interns will work on live projects, receive mentorship, certificate, and PPO opportunity. Apply via official careers portal.",1,0,0,1,1,0,0,227
Online internship for students. Pay security deposit and start earning immediately. WhatsApp to join.,0,1,0,0,0,1,1,101
"QA Testing Internship at Wipro in Gurugram. Mode: Remote. Duration 3 months. Stipend ₹30000/month. Selected interns will work on live projects, receive mentorship, certificate, and PPO opportunity. Apply via official careers portal.",1,0,0,1,1,0,0,232
"Data Science Internship at Flipkart in Chennai. Mode: Hybrid. Duration 3 months. Stipend ₹25000/month. Selected interns will work on live projects, receive mentorship, certificate, and PPO opportunity. Apply via official careers portal.",1,0,0,1,1,0,0,236
"Frontend Development Internship at Amazon India in Chennai. Mode: Hybrid. Duration 2 months. Stipend ₹15000/month. Selected interns will work on live projects, receive mentorship, certificate, and PPO opportunity. Apply via official careers portal.",1,0,0,1,1,0,0,248
"Data Science Internship at Flipkart in Chennai. Mode: On-site. Duration 2 months. Stipend ₹5000/month. Selected interns will work on live projects, receive mentorship, certificate, and PPO opportunity. Apply via official careers portal.",1,0,0,1,1,0,0,236
Work from home internship. Earn ₹1500 daily. No interview. Apply on WhatsApp. Registration fee required.,0,1,0,0,1,0,0,104
"QA Testing Internship at Razorpay in Delhi. Mode: Hybrid. Duration 3 months. Stipend ₹5000/month. Selected interns will work on live projects, receive mentorship, certificate, and PPO opportunity. Apply via official careers portal.",1,0,0,1,1,0,0,231
Part-time internship. No skills needed. Earn money daily. Fast-track joining after registration charge.,0,1,1,0,1,1,0,103
"Software Development Internship at Microsoft India in Bengaluru. Mode: Remote. Duration 3 months. Stipend ₹12000/month. Selected interns will work on live projects, receive mentorship, certificate, and PPO opportunity. Apply via official careers portal.",1,0,0,1,1,0,0,253
Work from home internship. Earn ₹500 daily. No interview. Apply on WhatsApp. Registration fee required.,0,0,1,0,0,0,1,103
Urgent hiring for interns. Guaranteed income of ₹1000/day. Limited seats. Instant selection after payment.,0,1,1,0,0,1,0,106
Work from home internship. Earn ₹1000 daily. No interview. Apply on WhatsApp. Registration fee required.,0,0,1,0,1,0,1,104
"Full Stack Development Internship at Razorpay in Hyderabad. Mode: Remote. Duration 2 months. Stipend ₹5000/month. Selected interns will work on live projects, receive mentorship, certificate, and PPO opportunity. Apply via official careers portal.",1,0,0,1,1,0,0,247
"Mobile App Development Internship at L&T in Gurugram. Mode: Remote. Duration 3 months. Stipend ₹8000/month. Selected interns will work on live projects, receive mentorship, certificate, and PPO opportunity. Apply via official careers portal.",1,0,0,1,1,0,0,241
"Full Stack Development Internship at Google India in Delhi. Mode: On-site. Duration 2 months. Stipend ₹15000/month. Selected interns will work on live projects, receive mentorship, certificate, and PPO opportunity. Apply via official careers portal.",1,0,0,1,1,0,0,249
Work from home internship. Earn ₹1000 daily. No interview. Apply on WhatsApp. Registration fee required.,0,1,1,0,0,1,1,104
"Backend Development Internship at L&T in Bengaluru. Mode: Remote. Duration 2 months. Stipend ₹30000/month. Selected interns will work on live projects, receive mentorship, certificate, and PPO opportunity. Apply via official careers portal.",1,0,0,1,1,0,0,240
"UI/UX Design Internship at CRED in Chennai. Mode: On-site. Duration 4 months. Stipend ₹15000/month. Selected interns will work on live projects, receive mentorship, certificate, and PPO opportunity. Apply via official careers portal.",1,0,0,1,1,0,0,233
Urgent hiring for interns. Guaranteed income of ₹2000/day. Limited seats. Instant selection after payment.,0,1,1,0,0,0,1,106
"Digital Marketing Internship at Zoho in Bengaluru. Mode: On-site. Duration 6 months. Stipend ₹15000/month. Selected interns will work on live projects, receive mentorship, certificate, and PPO opportunity. Apply via official careers portal.",1,0,0,1,1,0,0,240
Work from home internship. Earn ₹500 daily. No interview. Apply on WhatsApp. Registration fee required.,0,1,0,0,0,1,1,103
"Business Analytics Internship at Wipro in Hyderabad. Mode: On-site. Duration 4 months. Stipend ₹25000/month. Selected interns will work on live projects, receive mentorship, certificate, and PPO opportunity. Apply via official careers portal.",1,0,0,1,1,1,0,242
"Digital Marketing Internship at Nykaa in Delhi. Mode: Hybrid. Duration 4 months. Stipend ₹5000/month. Selected interns will work on live projects, receive mentorship, certificate, and PPO opportunity. Apply via official careers portal.",1,0,0,1,1,0,0,235
"Frontend Development Internship at Infosys in Pune. Mode: On-site. Duration 2 months. Stipend ₹20000/month. Selected interns will work on live projects, receive mentorship, certificate, and PPO opportunity. Apply via official careers portal.",1,0,0,1,1,0,0,241
"DevOps Internship at Deloitte India in Gurugram. Mode: Hybrid. Duration 2 months. Stipend ₹30000/month. Selected interns will work on live projects, receive mentorship, certificate, and PPO opportunity. Apply via official careers portal.",1,0,0,1,1,0,0,237
"Embedded Systems Internship at Tech Mahindra in Bengaluru. Mode: Hybrid. Duration 3 months. Stipend ₹30000/month. Selected interns will work on live projects, receive mentorship, certificate, and PPO opportunity. Apply via official careers portal.",1,0,0,1,1,0,0,247
Work from home internship. Earn ₹1000 daily. No interview. Apply on WhatsApp. Registration fee required.,0,1,1,0,1,0,1,104
Online internship for students. Pay security deposit and start earning immediately. WhatsApp to join.,0,1,1,0,0,0,1,101
"DevOps Internship at Myntra in Gurugram. Mode: Hybrid. Duration 6 months. Stipend ₹15000/month. Selected interns will work on live projects, receive mentorship, certificate, and PPO opportunity. Apply via official careers portal.",1,0,0,1,1,0,0,229
Urgent hiring for interns. Guaranteed income of ₹1500/day. Limited seats. Instant selection after payment.,0,1,1,0,0,1,0,106
"Digital Marketing Internship at Google India in Mumbai. Mode: On-site. Duration 3 months. Stipend ₹15000/month. Selected interns will work on live projects, receive mentorship, certificate, and PPO opportunity. Apply via official careers portal.",1,0,0,1,1,0,0,245
Part-time internship. No skills needed. Earn money daily. Fast-track joining after registration charge.,0,1,1,0,0,1,1,103
"Frontend Development Internship at TCS in Gurugram. Mode: On-site. Duration 2 months. Stipend ₹20000/month. Selected interns will work on live projects, receive mentorship, certificate, and PPO opportunity. Apply via official careers portal.",1,0,0,1,1,0,0,241
"DevOps Internship at L&T in Chennai. Mode: On-site. Duration 4 months. Stipend ₹10000/month. Selected interns will work on live projects, receive mentorship, certificate, and PPO opportunity. Apply via official careers portal.",1,0,0,1,1,0,0,226
"Frontend Development Internship at Deloitte India in Bengaluru. Mode: Remote. Duration 4 months. Stipend ₹5000/month. Selected interns will work on live projects, receive mentorship, certificate, and PPO opportunity. Apply via official careers portal.",1,0,0,1,1,1,0,251
"Backend Development Internship at Google India in Noida. Mode: On-site. Duration 4 months. Stipend ₹10000/month. Selected interns will work on live projects, receive mentorship, certificate, and PPO opportunity. Apply via official careers portal.",1,0,0,1,1,0,0,246
"Machine Learning Internship at Razorpay in Chennai. Mode: Remote. Duration 2 months. Stipend ₹20000/month. Selected interns will work on live projects, receive mentorship, certificate, and PPO opportunity. Apply via official careers portal.",1,0,0,1,1,0,0,240
"Data Science Internship at Google India in Chennai. Mode: Remote. Duration 2 months. Stipend ₹30000/month. Selected interns will work on live projects, receive mentorship, certificate, and PPO opportunity. Apply via official careers portal.",1,0,0,1,1,1,0,240
"Software Development Internship at Myntra in Hyderabad. Mode: Hybrid. Duration 3 months. Stipend ₹20000/month. Selected interns will work on live projects, receive mentorship, certificate, and PPO opportunity. Apply via official careers portal.",1,0,0,1,1,0,0,244
"Full Stack Development Internship at CRED in Mumbai. Mode: Remote. Duration 6 months. Stipend ₹25000/month. Selected interns will work on live projects, receive mentorship, certificate, and PPO opportunity. Apply via official careers portal.",1,0,0,1,1,1,0,241
Online internship for students. Pay security deposit and start earning immediately. WhatsApp to join.,0,0,1,0,1,1,1,101
"DevOps Internship at Google India in Mumbai. Mode: Remote. Duration 2 months. Stipend ₹10000/month. Selected interns will work on live projects, receive mentorship, certificate, and PPO opportunity. Apply via official careers portal.",1,0,0,1,1,1,0,233
Work from home internship. Earn ₹500 daily. No interview. Apply on WhatsApp. Registration fee required.,0,1,0,0,1,1,1,103
Online internship for students. Pay security deposit and start earning immediately. WhatsApp to join.,0,1,1,0,1,1,0,101
Urgent hiring for interns. Guaranteed income of ₹500/day. Limited seats. Instant selection after payment.,0,0,0,0,0,0,0,105
"Cybersecurity Internship at Nykaa in Gurugram. Mode: Remote. Duration 6 months. Stipend ₹20000/month. Selected interns will work on live projects, receive mentorship, certificate, and PPO opportunity. Apply via official careers portal.",1,0,0,1,1,1,0,235
Work from home internship. Earn ₹1500 daily. No interview. Apply on WhatsApp. Registration fee required.,0,1,1,0,1,1,1,104
"Digital Marketing Internship at CRED in Bengaluru. Mode: Remote. Duration 6 months. Stipend ₹15000/month. Selected interns will work on live projects, receive mentorship, certificate, and PPO opportunity. Apply via official careers portal.",1,0,0,1,1,0,0,239
"Cloud Computing Internship at Zoho in Pune. Mode: Hybrid. Duration 3 months. Stipend ₹30000/month. Selected interns will work on live projects, receive mentorship, certificate, and PPO opportunity. Apply via official careers portal.",1,0,0,1,1,0,0,232
"QA Testing Internship at Myntra in Hyderabad. Mode: Remote. Duration 3 months. Stipend ₹30000/month. Selected interns will work on live projects, receive mentorship, certificate, and PPO opportunity. Apply via official careers portal.",1,0,0,1,1,0,0,234
Online internship for students. Pay security deposit and start earning immediately. WhatsApp to join.,0,1,0,0,1,1,1,101
"Cybersecurity Internship at Wipro in Hyderabad. Mode: Hybrid. Duration 2 months. Stipend ₹20000/month. Selected interns will work on live projects, receive mentorship, certificate, and PPO opportunity. Apply via official careers portal.",1,0,0,1,1,0,0,236
Urgent hiring for interns. Guaranteed income of ₹500/day. Limited seats. Instant selection after payment.,0,0,1,0,1,1,0,105
"Digital Marketing Internship at Nykaa in Hyderabad. Mode: On-site. Duration 2 months. Stipend ₹25000/month. Selected interns will work on live projects, receive mentorship, certificate, and PPO opportunity. Apply via official careers portal.",1,0,0,1,1,0,0,241
"Software Development Internship at Accenture in Noida. Mode: Remote. Duration 6 months. Stipend ₹20000/month. Selected interns will work on live projects, receive mentorship, certificate, and PPO opportunity. Apply via official careers portal.",1,0,0,1,1,1,0,243
"Cloud Computing Internship at Accenture in Delhi. Mode: Hybrid. Duration 4 months. Stipend ₹10000/month. Selected interns will work on live projects, receive mentorship, certificate, and PPO opportunity. Apply via official careers portal.",1,0,0,1,1,1,0,238
"Business Analytics Internship at L&T in Delhi. Mode: On-site. Duration 4 months. Stipend ₹25000/month. Selected interns will work on live projects, receive mentorship, certificate, and PPO opportunity. Apply via official careers portal.",1,0,0,1,1,0,0,236
Part-time internship. No skills needed. Earn money daily. Fast-track joining after registration charge.,0,1,0,0,1,1,1,103
"UI/UX Design Internship at Nykaa in Noida. Mode: Hybrid. Duration 3 months. Stipend ₹15000/month. Selected interns will work on live projects, receive mentorship, certificate, and PPO opportunity. Apply via official careers portal.",1,0,0,1,1,0,0,231
Urgent hiring for interns. Guaranteed income of ₹2000/day. Limited seats. Instant selection after payment.,0,0,1,0,1,1,0,106
"UI/UX Design Internship at Tech Mahindra in Gurugram. Mode: Remote. Duration 3 months. Stipend ₹12000/month. Selected interns will work on live projects, receive mentorship, certificate, and PPO opportunity. Apply via official careers portal.",1,0,0,1,1,0,0,242
"Frontend Development Internship at Tech Mahindra in Pune. Mode: On-site. Duration 3 months. Stipend ₹20000/month. Selected interns will work on live projects, receive mentorship, certificate, and PPO opportunity. Apply via official careers portal.",1,0,0,1,1,0,0,247
Part-time internship. No skills needed. Earn money daily. Fast-track joining after registration charge.,0,1,1,0,1,1,0,103
"Business Analytics Internship at Paytm in Noida. Mode: On-site. Duration 3 months. Stipend ₹25000/month. Selected interns will work on live projects, receive mentorship, certificate, and PPO opportunity. Apply via official careers portal.",1,0,0,1,1,1,0,238
"Embedded Systems Internship at Amazon India in Chennai. Mode: On-site. Duration 3 months. Stipend ₹15000/month. Selected interns will work on live projects, receive mentorship, certificate, and PPO opportunity. Apply via official careers portal.",1,0,0,1,1,0,0,245
"Frontend Development Internship at Razorpay in Mumbai. Mode: Remote. Duration 3 months. Stipend ₹12000/month. Selected interns will work on live projects, receive mentorship, certificate, and PPO opportunity. Apply via official careers portal.",1,0,0,1,1,0,0,243
"Embedded Systems Internship at HCLTech in Mumbai. Mode: Remote. Duration 4 months. Stipend ₹12000/month. Selected interns will work on live projects, receive mentorship, certificate, and PPO opportunity. Apply via official careers portal.",1,0,0,1,1,0,0,238
"Digital Marketing Internship at HCLTech in Pune. Mode: Hybrid. Duration 3 months. Stipend ₹30000/month. Selected interns will work on live projects, receive mentorship, certificate, and PPO opportunity. Apply via official careers portal.",1,0,0,1,1,0,0,237
"Backend Development Internship at TCS in Hyderabad. Mode: Remote. Duration 4 months. Stipend ₹5000/month. Selected interns will work on live projects, receive mentorship, certificate, and PPO opportunity. Apply via official careers portal.",1,0,0,1,1,0,0,239
"Software Development Internship at L&T in Chennai. Mode: Hybrid. Duration 3 months. Stipend ₹5000/month. Selected interns will work on live projects, receive mentorship, certificate, and PPO opportunity. Apply via official careers portal.",1,0,0,1,1,0,0,238
"Machine Learning Internship at Razorpay in Hyderabad. Mode: On-site. Duration 6 months. Stipend ₹12000/month. Selected interns will work on live projects, receive mentorship, certificate, and PPO opportunity. Apply via official careers portal.",1,0,0,1,1,1,0,243
Part-time internship. No skills needed. Earn money daily. Fast-track joining after registration charge.,0,1,1,0,1,0,1,103
"QA Testing Internship at Amazon India in Mumbai. Mode: Remote. Duration 3 months. Stipend ₹30000/month. Selected interns will work on live projects, receive mentorship, certificate, and PPO opportunity. Apply via official careers portal.",1,0,0,1,1,0,0,237
"Business Analytics Internship at Razorpay in Noida. Mode: On-site. Duration 4 months. Stipend ₹25000/month. Selected interns will work on live projects, receive mentorship, certificate, and PPO opportunity. Apply via official careers portal.",1,0,0,1,1,0,0,241
"Mobile App Development Internship at Google India in Hyderabad. Mode: On-site. Duration 4 months. Stipend ₹15000/month. Selected interns will work on live projects, receive mentorship, certificate, and PPO opportunity. Apply via official careers portal.",1,0,0,1,1,1,0,253
"DevOps Internship at Amazon India in Bengaluru. Mode: Hybrid. Duration 4 months. Stipend ₹20000/month. Selected interns will work on live projects, receive mentorship, certificate, and PPO opportunity. Apply via official careers portal.",1,0,0,1,1,0,0,236
Urgent hiring for interns. Guaranteed income of ₹1500/day. Limited seats. Instant selection after payment.,0,0,0,0,1,1,1,106
"Software Development Internship at Wipro in Mumbai. Mode: On-site. Duration 6 months. Stipend ₹20000/month. Selected interns will work on live projects, receive mentorship, certificate, and PPO opportunity. Apply via official careers portal.",1,0,0,1,1,1,0,241
"Software Development Internship at Zoho in Bengaluru. Mode: Remote. Duration 6 months. Stipend ₹5000/month. Selected interns will work on live projects, receive mentorship, certificate, and PPO opportunity. Apply via official careers portal.",1,0,0,1,1,0,0,241
"DevOps Internship at Nykaa in Pune. Mode: Hybrid. Duration 2 months. Stipend ₹12000/month. Selected interns will work on live projects, receive mentorship, certificate, and PPO opportunity. Apply via official careers portal.",1,0,0,1,1,0,0,224
"Backend Development Internship at Infosys in Noida. Mode: Hybrid. Duration 4 months. Stipend ₹25000/month. Selected interns will work on live projects, receive mentorship, certificate, and PPO opportunity. Apply via official careers portal.",1,0,0,1,1,1,0,240
"Frontend Development Internship at Naukri in Chennai. Mode: On-site. Duration 6 months. Stipend ₹30000/month. Selected interns will work on live projects, receive mentorship, certificate, and PPO opportunity. Apply via official careers portal.",1,0,0,1,1,0,0,243
Part-time internship. No skills needed. Earn money daily. Fast-track joining after registration charge.,0,0,1,0,0,1,1,103
"Software Development Internship at Microsoft India in Delhi. Mode: Remote. Duration 2 months. Stipend ₹30000/month. Selected interns will work on live projects, receive mentorship, certificate, and PPO opportunity. Apply via official careers portal.",1,0,0,1,1,1,0,249
"Mobile App Development Internship at HCLTech in Pune. Mode: On-site. Duration 3 months. Stipend ₹12000/month. Selected interns will work on live projects, receive mentorship, certificate, and PPO opportunity. Apply via official careers portal.",1,0,0,1,1,0,0,243
"QA Testing Internship at Wipro in Delhi. Mode: Remote. Duration 6 months. Stipend ₹20000/month. Selected interns will work on live projects, receive mentorship, certificate, and PPO opportunity. Apply via official careers portal.",1,0,0,1,1,0,0,229
Online internship for students. Pay security deposit and start earning immediately. WhatsApp to join.,0,1,1,0,1,1,1,101
Online internship for students. Pay security deposit and start earning immediately. WhatsApp to join.,0,1,0,0,1,1,1,101
Urgent hiring for interns. Guaranteed income of ₹2000/day. Limited seats. Instant selection after payment.,0,1,1,0,1,0,1,106
Online internship for students. Pay security deposit and start earning immediately. WhatsApp to join.,0,1,0,0,1,1,1,101
"QA Testing Internship at Amazon India in Pune. Mode: On-site. Duration 3 months. Stipend ₹25000/month. Selected interns will work on live projects, receive mentorship, certificate, and PPO opportunity. Apply via official careers portal.",1,0,0,1,1,0,0,236
"Full Stack Development Internship at Zoho in Gurugram. Mode: Hybrid. Duration 4 months. Stipend ₹8000/month. Selected interns will work on live projects, receive mentorship, certificate, and PPO opportunity. Apply via official careers portal.",1,0,0,1,1,0,0,242
"Backend Development Internship at Paytm in Pune. Mode: On-site. Duration 4 months. Stipend ₹8000/month. Selected interns will work on live projects, receive mentorship, certificate, and PPO opportunity. Apply via official careers portal.",1,0,0,1,1,0,0,237
"Software Development Internship at Naukri in Gurugram. Mode: Hybrid. Duration 2 months. Stipend ₹8000/month. Selected interns will work on live projects, receive mentorship, certificate, and PPO opportunity. Apply via official careers portal.",1,0,0,1,1,0,0,242
"Frontend Development Internship at Deloitte India in Delhi. Mode: Hybrid. Duration 4 months. Stipend ₹12000/month. Selected interns will work on live projects, receive mentorship, certificate, and PPO opportunity. Apply via official careers portal.",1,0,0,1,1,0,0,248
"Cloud Computing Internship at Deloitte India in Bengaluru. Mode: Hybrid. Duration 6 months. Stipend ₹12000/month. Selected interns will work on live projects, receive mentorship, certificate, and PPO opportunity. Apply via official careers portal.",1,0,0,1,1,1,0,247
"Backend Development Internship at Freshworks in Gurugram. Mode: On-site. Duration 2 months. Stipend ₹8000/month. Selected interns will work on live projects, receive mentorship, certificate, and PPO opportunity. Apply via official careers portal.",1,0,0,1,1,0,0,246
"Machine Learning Internship at L&T in Noida. Mode: Hybrid. Duration 4 months. Stipend ₹30000/month. Selected interns will work on live projects, receive mentorship, certificate, and PPO opportunity. Apply via official careers portal.",1,0,0,1,1,0,0,233
"Frontend Development Internship at HCLTech in Hyderabad. Mode: Hybrid. Duration 6 months. Stipend ₹20000/month. Selected interns will work on live projects, receive mentorship, certificate, and PPO opportunity. Apply via official careers portal.",1,0,0,1,1,1,0,245
"Business Analytics Internship at Infosys in Chennai. Mode: On-site. Duration 4 months. Stipend ₹15000/month. Selected interns will work on live projects, receive mentorship, certificate, and PPO opportunity. Apply via official careers portal.",1,0,0,1,1,0,0,242
"Full Stack Development Internship at Infosys in Bengaluru. Mode: On-site. Duration 3 months. Stipend ₹25000/month. Selected interns will work on live projects, receive mentorship, certificate, and PPO opportunity. Apply via official careers portal.",1,0,0,1,1,0,0,248
"Cybersecurity Internship at Tech Mahindra in Delhi. Mode: Remote. Duration 6 months. Stipend ₹20000/month. Selected interns will work on live projects, receive mentorship, certificate, and PPO opportunity. Apply via official careers portal.",1,0,0,1,1,0,0,240
Part-time internship. No skills needed. Earn money daily. Fast-track joining after registration charge.,0,1,0,0,1,0,1,103
"Backend Development Internship at Naukri in Pune. Mode: On-site. Duration 3 months. Stipend ₹25000/month. Selected interns will work on live projects, receive mentorship, certificate, and PPO opportunity. Apply via official careers portal.",1,0,0,1,1,0,0,239
"UI/UX Design Internship at Myntra in Bengaluru. Mode: Remote. Duration 6 months. Stipend ₹15000/month. Selected interns will work on live projects, receive mentorship, certificate, and PPO opportunity. Apply via official careers portal.",1,0,0,1,1,0,0,236
Urgent hiring for interns. Guaranteed income of ₹2000/day. Limited seats. Instant selection after payment.,0,1,1,0,0,1,0,106
"Mobile App Development Internship at Accenture in Chennai. Mode: Remote. Duration 2 months. Stipend ₹30000/month. Selected interns will work on live projects, receive mentorship, certificate, and PPO opportunity. Apply via official careers portal.",1,0,0,1,1,0,0,247
Urgent hiring for interns. Guaranteed income of ₹3000/day. Limited seats. Instant selection after payment.,0,0,1,0,0,1,1,106
"Digital Marketing Internship at Zoho in Mumbai. Mode: Hybrid. Duration 6 months. Stipend ₹5000/month. Selected interns will work on live projects, receive mentorship, certificate, and PPO opportunity. Apply via official careers portal.",1,0,0,1,1,0,0,235
"Frontend Development Internship at Wipro in Noida. Mode: Hybrid. Duration 2 months. Stipend ₹8000/month. Selected interns will work on live projects, receive mentorship, certificate, and PPO opportunity. Apply via official careers portal.",1,0,0,1,1,0,0,238
Urgent hiring for interns. Guaranteed income of ₹2000/day. Limited seats. Instant selection after payment.,0,1,1,0,0,1,0,106
Urgent hiring for interns. Guaranteed income of ₹2000/day. Limited seats. Instant selection after payment.,0,1,1,0,0,0,0,106
"Mobile App Development Internship at CRED in Hyderabad. Mode: On-site. Duration 3 months. Stipend ₹30000/month. Selected interns will work on live projects, receive mentorship, certificate, and PPO opportunity. Apply via official careers portal.",1,0,0,1,1,1,0,245
"Frontend Development Internship at Google India in Chennai. Mode: On-site. Duration 2 months. Stipend ₹10000/month. Selected interns will work on live projects, receive mentorship, certificate, and PPO opportunity. Apply via official careers portal.",1,0,0,1,1,0,0,249
"DevOps Internship at Razorpay in Hyderabad. Mode: Hybrid. Duration 4 months. Stipend ₹25000/month. Selected interns will work on live projects, receive mentorship, certificate, and PPO opportunity. Apply via official careers portal.",1,0,0,1,1,0,0,232
"Machine Learning Internship at Nykaa in Delhi. Mode: Remote. Duration 3 months. Stipend ₹5000/month. Selected interns will work on live projects, receive mentorship, certificate, and PPO opportunity. Apply via official careers portal.",1,0,0,1,1,1,0,234
Part-time internship. No skills needed. Earn money daily. Fast-track joining after registration charge.,0,1,0,0,0,0,1,103
Urgent hiring for interns. Guaranteed income of ₹2000/day. Limited seats. Instant selection after payment.,0,1,1,0,1,0,0,106
"Mobile App Development Internship at TCS in Bengaluru. Mode: Hybrid. Duration 4 months. Stipend ₹8000/month. Selected interns will work on live projects, receive mentorship, certificate, and PPO opportunity. Apply via official careers portal.",1,0,0,1,1,0,0,242
Urgent hiring for interns. Guaranteed income of ₹500/day. Limited seats. Instant selection after payment.,0,0,1,0,0,1,1,105
Online internship for students. Pay security deposit and start earning immediately. WhatsApp to join.,0,0,1,0,0,0,0,101
"QA Testing Internship at Paytm in Bengaluru. Mode: Remote. Duration 2 months. Stipend ₹20000/month. Selected interns will work on live projects, receive mentorship, certificate, and PPO opportunity. Apply via official careers portal.",1,0,0,1,1,0,0,233
Work from home internship. Earn ₹1500 daily. No interview. Apply on WhatsApp. Registration fee required.,0,1,1,0,1,0,0,104
"Frontend Development Internship at Razorpay in Bengaluru. Mode: Remote. Duration 3 months. Stipend ₹25000/month. Selected interns will work on live projects, receive mentorship, certificate, and PPO opportunity. Apply via official careers portal.",1,0,0,1,1,1,0,246
"Backend Development Internship at HCLTech in Gurugram. Mode: On-site. Duration 3 months. Stipend ₹15000/month. Selected interns will work on live projects, receive mentorship, certificate, and PPO opportunity. Apply via official careers portal.",1,0,0,1,1,0,0,244
"Software Development Internship at Google India in Bengaluru. Mode: On-site. Duration 2 months. Stipend ₹8000/month. Selected interns will work on live projects, receive mentorship, certificate, and PPO opportunity. Apply via official careers portal.",1,0,0,1,1,0,0,250
Work from home internship. Earn ₹5000 daily. No interview. Apply on WhatsApp. Registration fee required.,0,0,1,0,1,0,0,104
"Cybersecurity Internship at Nykaa in Delhi. Mode: Remote. Duration 6 months. Stipend ₹15000/month. Selected interns will work on live projects, receive mentorship, certificate, and PPO opportunity. Apply via official careers portal.",1,0,0,1,1,1,0,232
"Backend Development Internship at Paytm in Delhi. Mode: Remote. Duration 6 months. Stipend ₹30000/month. Selected interns will work on live projects, receive mentorship, certificate, and PPO opportunity. Apply via official careers portal.",1,0,0,1,1,1,0,238
Online internship for students. Pay security deposit and start earning immediately. WhatsApp to join.,0,0,1,0,1,0,1,101
"Software Development Internship at Infosys in Delhi. Mode: Hybrid. Duration 3 months. Stipend ₹5000/month. Selected interns will work on live projects, receive mentorship, certificate, and PPO opportunity. Apply via official careers portal.",1,0,0,1,1,0,0,240
"QA Testing Internship at Zoho in Hyderabad. Mode: On-site. Duration 6 months. Stipend ₹30000/month. Selected interns will work on live projects, receive mentorship, certificate, and PPO opportunity. Apply via official careers portal.",1,0,0,1,1,1,0,233
"Cloud Computing Internship at Google India in Hyderabad. Mode: Remote. Duration 2 months. Stipend ₹5000/month. Selected interns will work on live projects, receive mentorship, certificate, and PPO opportunity. Apply via official careers portal.",1,0,0,1,1,0,0,244
"DevOps Internship at HCLTech in Chennai. Mode: On-site. Duration 3 months. Stipend ₹12000/month. Selected interns will work on live projects, receive mentorship, certificate, and PPO opportunity. Apply via official careers portal.",1,0,0,1,1,1,0,230
"Mobile App Development Internship at Wipro in Bengaluru. Mode: Remote. Duration 4 months. Stipend ₹12000/month. Selected interns will work on live projects, receive mentorship, certificate, and PPO opportunity. Apply via official careers portal.",1,0,0,1,1,1,0,245
Urgent hiring for interns. Guaranteed income of ₹1000/day. Limited seats. Instant selection after payment.,0,1,1,0,0,0,1,106
"Backend Development Internship at Deloitte India in Gurugram. Mode: Remote. Duration 4 months. Stipend ₹5000/month. Selected interns will work on live projects, receive mentorship, certificate, and PPO opportunity. Apply via official careers portal.",1,0,0,1,1,1,0,249
"Digital Marketing Internship at Microsoft India in Chennai. Mode: Hybrid. Duration 6 months. Stipend ₹15000/month. Selected interns will work on live projects, receive mentorship, certificate, and PPO opportunity. Apply via official careers portal.",1,0,0,1,1,0,0,248
"Business Analytics Internship at Paytm in Bengaluru. Mode: Hybrid. Duration 3 months. Stipend ₹25000/month. Selected interns will work on live projects, receive mentorship, certificate, and PPO opportunity. Apply via official careers portal.",1,0,0,1,1,0,0,241
"Cloud Computing Internship at Deloitte India in Gurugram. Mode: Remote. Duration 4 months. Stipend ₹20000/month. Selected interns will work on live projects, receive mentorship, certificate, and PPO opportunity. Apply via official careers portal.",1,0,0,1,1,1,0,246
"Cloud Computing Internship at CRED in Hyderabad. Mode: On-site. Duration 6 months. Stipend ₹5000/month. Selected interns will work on live projects, receive mentorship, certificate, and PPO opportunity. Apply via official careers portal.",1,0,0,1,1,0,0,237
Online internship for students. Pay security deposit and start earning immediately. WhatsApp to join.,0,1,1,0,0,1,1,101
"Cloud Computing Internship at Google India in Gurugram. Mode: Hybrid. Duration 3 months. Stipend ₹30000/month. Selected interns will work on live projects, receive mentorship, certificate, and PPO opportunity. Apply via official careers portal.",1,0,0,1,1,0,0,244
"Cloud Computing Internship at Wipro in Bengaluru. Mode: On-site. Duration 3 months. Stipend ₹10000/month. Selected interns will work on live projects, receive mentorship, certificate, and PPO opportunity. Apply via official careers portal.",1,0,0,1,1,0,0,239
"Software Development Internship at Nykaa in Pune. Mode: On-site. Duration 3 months. Stipend ₹8000/month. Selected interns will work on live projects, receive mentorship, certificate, and PPO opportunity. Apply via official careers portal.",1,0,0,1,1,0,0,238
"Software Development Internship at Tech Mahindra in Chennai. Mode: On-site. Duration 6 months. Stipend ₹10000/month. Selected interns will work on live projects, receive mentorship, certificate, and PPO opportunity. Apply via official careers portal.",1,0,0,1,1,0,0,250
"Cybersecurity Internship at Flipkart in Chennai. Mode: Hybrid. Duration 6 months. Stipend ₹20000/month. Selected interns will work on live projects, receive mentorship, certificate, and PPO opportunity. Apply via official careers portal.",1,0,0,1,1,1,0,237
"Cloud Computing Internship at Infosys in Delhi. Mode: Hybrid. Duration 4 months. Stipend ₹8000/month. Selected interns will work on live projects, receive mentorship, certificate, and PPO opportunity. Apply via official careers portal.",1,0,0,1,1,0,0,235
"Embedded Systems Internship at Zoho in Gurugram. Mode: Hybrid. Duration 3 months. Stipend ₹5000/month. Selected interns will work on live projects, receive mentorship, certificate, and PPO opportunity. Apply via official careers portal.",1,0,0,1,1,0,0,236
Work from home internship. Earn ₹3000 daily. No interview. Apply on WhatsApp. Registration fee required.,0,1,1,0,1,1,0,104
Work from home internship. Earn ₹500 daily. No interview. Apply on WhatsApp. Registration fee required.,0,1,1,0,1,1,1,103
Urgent hiring for interns. Guaranteed income of ₹2000/day. Limited seats. Instant selection after payment.,0,0,0,0,1,1,1,106
"Frontend Development Internship at Naukri in Hyderabad. Mode: On-site. Duration 4 months. Stipend ₹30000/month. Selected interns will work on live projects, receive mentorship, certificate, and PPO opportunity. Apply via official careers portal.",1,0,0,1,1,0,0,245
"UI/UX Design Internship at TCS in Hyderabad. Mode: Hybrid. Duration 6 months. Stipend ₹5000/month. Selected interns will work on live projects, receive mentorship, certificate, and PPO opportunity. Apply via official careers portal.",1,0,0,1,1,1,0,232
"Machine Learning Internship at L&T in Pune. Mode: Remote. Duration 3 months. Stipend ₹8000/month. Selected interns will work on live projects, receive mentorship, certificate, and PPO opportunity. Apply via official careers portal.",1,0,0,1,1,0,0,231
Urgent hiring for interns. Guaranteed income of ₹5000/day. Limited seats. Instant selection after payment.,0,1,1,0,1,0,1,106
Part-time internship. No skills needed. Earn money daily. Fast-track joining after registration charge.,0,1,1,0,0,1,0,103
"Full Stack Development Internship at Myntra in Mumbai. Mode: On-site. Duration 2 months. Stipend ₹30000/month. Selected interns will work on live projects, receive mentorship, certificate, and PPO opportunity. Apply via official careers portal.",1,0,0,1,1,0,0,244
Work from home internship. Earn ₹2000 daily. No interview. Apply on WhatsApp. Registration fee required.,0,1,1,0,0,1,1,104
"DevOps Internship at Deloitte India in Hyderabad. Mode: Remote. Duration 3 months. Stipend ₹8000/month. Selected interns will work on live projects, receive mentorship, certificate, and PPO opportunity. Apply via official careers portal.",1,0,0,1,1,1,0,237
"Software Development Internship at Amazon India in Chennai. Mode: Hybrid. Duration 4 months. Stipend ₹15000/month. Selected interns will work on live projects, receive mentorship, certificate, and PPO opportunity. Apply via official careers portal.",1,0,0,1,1,0,0,248
"UI/UX Design Internship at Zoho in Pune. Mode: On-site. Duration 3 months. Stipend ₹20000/month. Selected interns will work on live projects, receive mentorship, certificate, and PPO opportunity. Apply via official careers portal.",1,0,0,1,1,0,0,230
"Cloud Computing Internship at Deloitte India in Chennai. Mode: On-site. Duration 3 months. Stipend ₹15000/month. Selected interns will work on live projects, receive mentorship, certificate, and PPO opportunity. Apply via official careers portal.",1,0,0,1,1,0,0,246
Part-time internship. No skills needed. Earn money daily. Fast-track joining after registration charge.,0,1,1,0,1,1,0,103
Part-time internship. No skills needed. Earn money daily. Fast-track joining after registration charge.,0,0,1,0,1,0,0,103
"Business Analytics Internship at Razorpay in Delhi. Mode: Hybrid. Duration 6 months. Stipend ₹15000/month. Selected interns will work on live projects, receive mentorship, certificate, and PPO opportunity. Apply via official careers portal.",1,0,0,1,1,0,0,240
"Backend Development Internship at Wipro in Mumbai. Mode: On-site. Duration 2 months. Stipend ₹12000/month. Selected interns will work on live projects, receive mentorship, certificate, and PPO opportunity. Apply via official careers portal.",1,0,0,1,1,1,0,240
"Machine Learning Internship at Deloitte India in Chennai. Mode: On-site. Duration 3 months. Stipend ₹5000/month. Selected interns will work on live projects, receive mentorship, certificate, and PPO opportunity. Apply via official careers portal.",1,0,0,1,1,1,0,246
"DevOps Internship at HCLTech in Delhi. Mode: On-site. Duration 2 months. Stipend ₹20000/month. Selected interns will work on live projects, receive mentorship, certificate, and PPO opportunity. Apply via official careers portal.",1,0,0,1,1,1,0,228
"Embedded Systems Internship at CRED in Noida. Mode: Hybrid. Duration 4 months. Stipend ₹30000/month. Selected interns will work on live projects, receive mentorship, certificate, and PPO opportunity. Apply via official careers portal.",1,0,0,1,1,0,0,234
Work from home internship. Earn ₹2000 daily. No interview. Apply on WhatsApp. Registration fee required.,0,1,0,0,1,1,0,104
"Data Science Internship at Tech Mahindra in Hyderabad. Mode: Hybrid. Duration 3 months. Stipend ₹20000/month. Selected interns will work on live projects, receive mentorship, certificate, and PPO opportunity. Apply via official careers portal.",1,0,0,1,1,1,0,243
"Data Science Internship at Amazon India in Mumbai. Mode: Hybrid. Duration 4 months. Stipend ₹5000/month. Selected interns will work on live projects, receive mentorship, certificate, and PPO opportunity. Apply via official careers portal.",1,0,0,1,1,0,0,238
"Software Development Internship at Myntra in Delhi. Mode: On-site. Duration 3 months. Stipend ₹15000/month. Selected interns will work on live projects, receive mentorship, certificate, and PPO opportunity. Apply via official careers portal.",1,0,0,1,1,0,0,241
"UI/UX Design Internship at Google India in Delhi. Mode: On-site. Duration 2 months. Stipend ₹25000/month. Selected interns will work on live projects, receive mentorship, certificate, and PPO opportunity. Apply via official careers portal.",1,0,0,1,1,0,0,239
"Business Analytics Internship at Google India in Chennai. Mode: On-site. Duration 6 months. Stipend ₹12000/month. Selected interns will work on live projects, receive mentorship, certificate, and PPO opportunity. Apply via official careers portal.",1,0,0,1,1,0,0,247
"Backend Development Internship at L&T in Gurugram. Mode: Hybrid. Duration 2 months. Stipend ₹25000/month. Selected interns will work on live projects, receive mentorship, certificate, and PPO opportunity. Apply via official careers portal.",1,0,0,1,1,1,0,239
Urgent hiring for interns. Guaranteed income of ₹3000/day. Limited seats. Instant selection after payment.,0,1,1,0,1,0,0,106
"Full Stack Development Internship at Google India in Gurugram. Mode: Remote. Duration 4 months. Stipend ₹30000/month. Selected interns will work on live projects, receive mentorship, certificate, and PPO opportunity. Apply via official careers portal.",1,0,0,1,1,0,0,251
Work from home internship. Earn ₹3000 daily. No interview. Apply on WhatsApp. Registration fee required.,0,1,1,0,0,0,1,104
"UI/UX Design Internship at Flipkart in Pune. Mode: On-site. Duration 6 months. Stipend ₹30000/month. Selected interns will work on live projects, receive mentorship, certificate, and PPO opportunity. Apply via official careers portal.",1,0,0,1,1,0,0,234
"Cybersecurity Internship at Tech Mahindra in Noida. Mode: On-site. Duration 3 months. Stipend ₹25000/month. Selected interns will work on live projects, receive mentorship, certificate, and PPO opportunity. Apply via official careers portal.",1,0,0,1,1,1,0,241
"Full Stack Development Internship at Myntra in Mumbai. Mode: Hybrid. Duration 6 months. Stipend ₹25000/month. Selected interns will work on live projects, receive mentorship, certificate, and PPO opportunity. Apply via official careers portal.",1,0,0,1,1,0,0,243
Part-time internship. No skills needed. Earn money daily. Fast-track joining after registration charge.,0,0,1,0,1,1,0,103
"Data Science Internship at Infosys in Pune. Mode: Hybrid. Duration 2 months. Stipend ₹30000/month. Selected interns will work on live projects, receive mentorship, certificate, and PPO opportunity. Apply via official careers portal.",1,0,0,1,1,0,0,232
"Full Stack Development Internship at Zoho in Mumbai. Mode: Remote. Duration 2 months. Stipend ₹8000/month. Selected interns will work on live projects, receive mentorship, certificate, and PPO opportunity. Apply via official careers portal.",1,0,0,1,1,0,0,240
"Mobile App Development Internship at Myntra in Bengaluru. Mode: Hybrid. Duration 6 months. Stipend ₹5000/month. Selected interns will work on live projects, receive mentorship, certificate, and PPO opportunity. Apply via official careers portal.",1,0,0,1,1,0,0,245
Part-time internship. No skills needed. Earn money daily. Fast-track joining after registration charge.,0,0,1,0,0,0,1,103
Online internship for students. Pay security deposit and start earning immediately. WhatsApp to join.,0,1,1,0,1,1,1,101
Urgent hiring for interns. Guaranteed income of ₹3000/day. Limited seats. Instant selection after payment.,0,0,1,0,0,1,1,106
"Software Development Internship at Naukri in Hyderabad. Mode: Remote. Duration 2 months. Stipend ₹15000/month. Selected interns will work on live projects, receive mentorship, certificate, and PPO opportunity. Apply via official careers portal.",1,0,0,1,1,0,0,244
"Full Stack Development Internship at Naukri in Mumbai. Mode: Remote. Duration 3 months. Stipend ₹8000/month. Selected interns will work on live projects, receive mentorship, certificate, and PPO opportunity. Apply via official careers portal.",1,0,0,1,1,0,0,242
"Data Science Internship at Freshworks in Pune. Mode: Hybrid. Duration 6 months. Stipend ₹8000/month. Selected interns will work on live projects, receive mentorship, certificate, and PPO opportunity. Apply via official careers portal.",1,0,0,1,1,0,0,234
"QA Testing Internship at Accenture in Bengaluru. Mode: Remote. Duration 3 months. Stipend ₹20000/month. Selected interns will work on live projects, receive mentorship, certificate, and PPO opportunity. Apply via official careers portal.",1,0,0,1,1,0,0,237
Part-time internship. No skills needed. Earn money daily. Fast-track joining after registration charge.,0,1,1,0,0,1,0,103
"QA Testing Internship at HCLTech in Noida. Mode: Remote. Duration 3 months. Stipend ₹30000/month. Selected interns will work on live projects, receive mentorship, certificate, and PPO opportunity. Apply via official careers portal.",1,0,0,1,1,0,0,231
"Embedded Systems Internship at Wipro in Bengaluru. Mode: Remote. Duration 3 months. Stipend ₹15000/month. Selected interns will work on live projects, receive mentorship, certificate, and PPO opportunity. Apply via official careers portal.",1,0,0,1,1,0,0,239
"Embedded Systems Internship at Flipkart in Hyderabad. Mode: Remote. Duration 6 months. Stipend ₹8000/month. Selected interns will work on live projects, receive mentorship, certificate, and PPO opportunity. Apply via official careers portal.",1,0,0,1,1,0,0,241
"Digital Marketing Internship at Tech Mahindra in Bengaluru. Mode: Hybrid. Duration 6 months. Stipend ₹15000/month. Selected interns will work on live projects, receive mentorship, certificate, and PPO opportunity. Apply via official careers portal.",1,0,0,1,1,1,0,248
"Mobile App Development Internship at TCS in Noida. Mode: Hybrid. Duration 4 months. Stipend ₹25000/month. Selected interns will work on live projects, receive mentorship, certificate, and PPO opportunity. Apply via official careers portal.",1,0,0,1,1,1,0,239
"DevOps Internship at Amazon India in Delhi. Mode: Remote. Duration 3 months. Stipend ₹10000/month. Selected interns will work on live projects, receive mentorship, certificate, and PPO opportunity. Apply via official careers portal.",1,0,0,1,1,0,0,232
"Data Science Internship at HCLTech in Gurugram. Mode: Remote. Duration 2 months. Stipend ₹8000/month. Selected interns will work on live projects, receive mentorship, certificate, and PPO opportunity. Apply via official careers portal.",1,0,0,1,1,1,0,235
Online internship for students. Pay security deposit and start earning immediately. WhatsApp to join.,0,1,1,0,1,1,1,101
Urgent hiring for interns. Guaranteed income of ₹5000/day. Limited seats. Instant selection after payment.,0,1,1,0,1,0,1,106
"UI/UX Design Internship at Deloitte India in Pune. Mode: Remote. Duration 6 months. Stipend ₹30000/month. Selected interns will work on live projects, receive mentorship, certificate, and PPO opportunity. Apply via official careers portal.",1,0,0,1,1,0,0,239
"Software Development Internship at Accenture in Noida. Mode: On-site. Duration 4 months. Stipend ₹5000/month. Selected interns will work on live projects, receive mentorship, certificate, and PPO opportunity. Apply via official careers portal.",1,0,0,1,1,0,0,243
Work from home internship. Earn ₹5000 daily. No interview. Apply on WhatsApp. Registration fee required.,0,1,0,0,0,0,1,104
"Data Science Internship at Infosys in Hyderabad. Mode: Remote. Duration 2 months. Stipend ₹30000/month. Selected interns will work on live projects, receive mentorship, certificate, and PPO opportunity. Apply via official careers portal.",1,0,0,1,1,0,0,237
"Embedded Systems Internship at Deloitte India in Pune. Mode: Hybrid. Duration 3 months. Stipend ₹8000/month. Selected interns will work on live projects, receive mentorship, certificate, and PPO opportunity. Apply via official careers portal.",1,0,0,1,1,0,0,242
"Backend Development Internship at Myntra in Gurugram. Mode: On-site. Duration 6 months. Stipend ₹8000/month. Selected interns will work on live projects, receive mentorship, certificate, and PPO opportunity. Apply via official careers portal.",1,0,0,1,1,0,0,242
"Full Stack Development Internship at Razorpay in Delhi. Mode: On-site. Duration 4 months. Stipend ₹5000/month. Selected interns will work on live projects, receive mentorship, certificate, and PPO opportunity. Apply via official careers portal.",1,0,0,1,1,0,0,244
Part-time internship. No skills needed. Earn money daily. Fast-track joining after registration charge.,0,0,1,0,1,0,1,103
"Cloud Computing Internship at Naukri in Delhi. Mode: On-site. Duration 2 months. Stipend ₹30000/month. Selected interns will work on live projects, receive mentorship, certificate, and PPO opportunity. Apply via official careers portal.",1,0,0,1,1,0,0,236
"Machine Learning Internship at Microsoft India in Bengaluru. Mode: On-site. Duration 3 months. Stipend ₹12000/month. Selected interns will work on live projects, receive mentorship, certificate, and PPO opportunity. Apply via official careers portal.",1,0,0,1,1,0,0,250
"Frontend Development Internship at Nykaa in Hyderabad. Mode: Remote. Duration 4 months. Stipend ₹12000/month. Selected interns will work on live projects, receive mentorship, certificate, and PPO opportunity. Apply via official careers portal.",1,0,0,1,1,0,0,243
"Data Science Internship at Freshworks in Gurugram. Mode: On-site. Duration 4 months. Stipend ₹5000/month. Selected interns will work on live projects, receive mentorship, certificate, and PPO opportunity. Apply via official careers portal.",1,0,0,1,1,1,0,239
Work from home internship. Earn ₹1000 daily. No interview. Apply on WhatsApp. Registration fee required.,0,1,1,0,0,1,1,104
"DevOps Internship at Flipkart in Hyderabad. Mode: On-site. Duration 4 months. Stipend ₹8000/month. Selected interns will work on live projects, receive mentorship, certificate, and PPO opportunity. Apply via official careers portal.",1,0,0,1,1,1,0,232
"Frontend Development Internship at L&T in Noida. Mode: Hybrid. Duration 2 months. Stipend ₹25000/month. Selected interns will work on live projects, receive mentorship, certificate, and PPO opportunity. Apply via official careers portal.",1,0,0,1,1,0,0,237
"Cloud Computing Internship at CRED in Chennai. Mode: Remote. Duration 6 months. Stipend ₹30000/month. Selected interns will work on live projects, receive mentorship, certificate, and PPO opportunity. Apply via official careers portal.",1,0,0,1,1,0,0,235
"Cloud Computing Internship at Freshworks in Mumbai. Mode: On-site. Duration 4 months. Stipend ₹15000/month. Selected interns will work on live projects, receive mentorship, certificate, and PPO opportunity. Apply via official careers portal.",1,0,0,1,1,0,0,241
"UI/UX Design Internship at Google India in Hyderabad. Mode: On-site. Duration 4 months. Stipend ₹12000/month. Selected interns will work on live projects, receive mentorship, certificate, and PPO opportunity. Apply via official careers portal.",1,0,0,1,1,0,0,243
Work from home internship. Earn ₹5000 daily. No interview. Apply on WhatsApp. Registration fee required.,0,1,0,0,1,1,1,104
"Machine Learning Internship at TCS in Noida. Mode: Remote. Duration 6 months. Stipend ₹10000/month. Selected interns will work on live projects, receive mentorship, certificate, and PPO opportunity. Apply via official careers portal.",1,0,0,1,1,0,0,233
"Embedded Systems Internship at HCLTech in Gurugram. Mode: Hybrid. Duration 3 months. Stipend ₹12000/month. Selected interns will work on live projects, receive mentorship, certificate, and PPO opportunity. Apply via official careers portal.",1,0,0,1,1,0,0,240
"Mobile App Development Internship at Deloitte India in Bengaluru. Mode: On-site. Duration 4 months. Stipend ₹10000/month. Selected interns will work on live projects, receive mentorship, certificate, and PPO opportunity. Apply via official careers portal.",1,0,0,1,1,0,0,255
Part-time internship. No skills needed. Earn money daily. Fast-track joining after registration charge.,0,0,1,0,0,1,1,103
"QA Testing Internship at Infosys in Mumbai. Mode: Remote. Duration 4 months. Stipend ₹30000/month. Selected interns will work on live projects, receive mentorship, certificate, and PPO opportunity. Apply via official careers portal.",1,0,0,1,1,1,0,232
Part-time internship. No skills needed. Earn money daily. Fast-track joining after registration charge.,0,1,1,0,0,1,1,103
"Data Science Internship at Paytm in Noida. Mode: Hybrid. Duration 3 months. Stipend ₹30000/month. Selected interns will work on live projects, receive mentorship, certificate, and PPO opportunity. Apply via official careers portal.",1,0,0,1,1,0,0,231
Part-time internship. No skills needed. Earn money daily. Fast-track joining after registration charge.,0,1,1,0,0,0,1,103
"Frontend Development Internship at L&T in Pune. Mode: Remote. Duration 3 months. Stipend ₹10000/month. Selected interns will work on live projects, receive mentorship, certificate, and PPO opportunity. Apply via official careers portal.",1,0,0,1,1,0,0,236
"Digital Marketing Internship at HCLTech in Bengaluru. Mode: Remote. Duration 4 months. Stipend ₹12000/month. Selected interns will work on live projects, receive mentorship, certificate, and PPO opportunity. Apply via official careers portal.",1,0,0,1,1,0,0,242
"DevOps Internship at Google India in Chennai. Mode: On-site. Duration 3 months. Stipend ₹8000/month. Selected interns will work on live projects, receive mentorship, certificate, and PPO opportunity. Apply via official careers portal.",1,0,0,1,1,1,0,234
Urgent hiring for interns. Guaranteed income of ₹5000/day. Limited seats. Instant selection after payment.,0,1,1,0,1,1,0,106
"Cloud Computing Internship at TCS in Hyderabad. Mode: On-site. Duration 6 months. Stipend ₹12000/month. Selected interns will work on live projects, receive mentorship, certificate, and PPO opportunity. Apply via official careers portal.",1,0,0,1,1,0,0,237
Part-time internship. No skills needed. Earn money daily. Fast-track joining after registration charge.,0,1,0,0,1,1,1,103
"Full Stack Development Internship at Zoho in Mumbai. Mode: Remote. Duration 2 months. Stipend ₹15000/month. Selected interns will work on live projects, receive mentorship, certificate, and PPO opportunity. Apply via official careers portal.",1,0,0,1,1,1,0,241
"Backend Development Internship at Naukri in Pune. Mode: On-site. Duration 2 months. Stipend ₹12000/month. Selected interns will work on live projects, receive mentorship, certificate, and PPO opportunity. Apply via official careers portal.",1,0,0,1,1,0,0,239
"Software Development Internship at Flipkart in Gurugram. Mode: Remote. Duration 2 months. Stipend ₹20000/month. Selected interns will work on live projects, receive mentorship, certificate, and PPO opportunity. Apply via official careers portal.",1,0,0,1,1,1,0,245
"Cloud Computing Internship at Naukri in Delhi. Mode: On-site. Duration 2 months. Stipend ₹30000/month. Selected interns will work on live projects, receive mentorship, certificate, and PPO opportunity. Apply via official careers portal.",1,0,0,1,1,0,0,236
"Full Stack Development Internship at HCLTech in Noida. Mode: Hybrid. Duration 2 months. Stipend ₹30000/month. Selected interns will work on live projects, receive mentorship, certificate, and PPO opportunity. Apply via official careers portal.",1,0,0,1,1,0,0,243
"UI/UX Design Internship at Zoho in Delhi. Mode: Remote. Duration 6 months. Stipend ₹30000/month. Selected interns will work on live projects, receive mentorship, certificate, and PPO opportunity. Apply via official careers portal.",1,0,0,1,1,1,0,230
"Frontend Development Internship at L&T in Chennai. Mode: Hybrid. Duration 6 months. Stipend ₹15000/month. Selected interns will work on live projects, receive mentorship, certificate, and PPO opportunity. Apply via official careers portal.",1,0,0,1,1,0,0,239
"Cloud Computing Internship at Wipro in Pune. Mode: Hybrid. Duration 6 months. Stipend ₹25000/month. Selected interns will work on live projects, receive mentorship, certificate, and PPO opportunity. Apply via official careers portal.",1,0,0,1,1,1,0,233
Urgent hiring for interns. Guaranteed income of ₹2000/day. Limited seats. Instant selection after payment.,0,1,1,0,1,1,1,106
"Cybersecurity Internship at Freshworks in Hyderabad. Mode: On-site. Duration 3 months. Stipend ₹8000/month. Selected interns will work on live projects, receive mentorship, certificate, and PPO opportunity. Apply via official careers portal.",1,0,0,1,1,0,0,241
Online internship for students. Pay security deposit and start earning immediately. WhatsApp to join.,0,0,1,0,0,0,1,101
"DevOps Internship at Tech Mahindra in Bengaluru. Mode: Hybrid. Duration 4 months. Stipend ₹8000/month. Selected interns will work on live projects, receive mentorship, certificate, and PPO opportunity. Apply via official careers portal.",1,0,0,1,1,0,0,236
"Backend Development Internship at Nykaa in Noida. Mode: Hybrid. Duration 3 months. Stipend ₹10000/month. Selected interns will work on live projects, receive mentorship, certificate, and PPO opportunity. Apply via official careers portal.",1,0,0,1,1,0,0,238
Part-time internship. No skills needed. Earn money daily. Fast-track joining after registration charge.,0,1,1,0,1,1,0,103
"Data Science Internship at Razorpay in Gurugram. Mode: Hybrid. Duration 2 months. Stipend ₹30000/month. Selected interns will work on live projects, receive mentorship, certificate, and PPO opportunity. Apply via official careers portal.",1,0,0,1,1,0,0,237
"QA Testing Internship at TCS in Pune. Mode: On-site. Duration 3 months. Stipend ₹20000/month. Selected interns will work on live projects, receive mentorship, certificate, and PPO opportunity. Apply via official careers portal.",1,0,0,1,1,1,0,227
"Cloud Computing Internship at Razorpay in Gurugram. Mode: Remote. Duration 3 months. Stipend ₹25000/month. Selected interns will work on live projects, receive mentorship, certificate, and PPO opportunity. Apply via official careers portal.",1,0,0,1,1,0,0,240
"Digital Marketing Internship at Razorpay in Bengaluru. Mode: Hybrid. Duration 2 months. Stipend ₹25000/month. Selected interns will work on live projects, receive mentorship, certificate, and PPO opportunity. Apply via official careers portal.",1,0,0,1,1,1,0,243
"Software Development Internship at Paytm in Hyderabad. Mode: Remote. Duration 4 months. Stipend ₹15000/month. Selected interns will work on live projects, receive mentorship, certificate, and PPO opportunity. Apply via official careers portal.",1,0,0,1,1,0,0,243
"UI/UX Design Internship at Tech Mahindra in Chennai. Mode: Hybrid. Duration 2 months. Stipend ₹5000/month. Selected interns will work on live projects, receive mentorship, certificate, and PPO opportunity. Apply via official careers portal.",1,0,0,1,1,1,0,240
"Business Analytics Internship at Zoho in Pune. Mode: On-site. Duration 3 months. Stipend ₹8000/month. Selected interns will work on live projects, receive mentorship, certificate, and PPO opportunity. Apply via official careers portal.",1,0,0,1,1,1,0,235
"Cloud Computing Internship at Infosys in Noida. Mode: On-site. Duration 3 months. Stipend ₹10000/month. Selected interns will work on live projects, receive mentorship, certificate, and PPO opportunity. Apply via official careers portal.",1,0,0,1,1,0,0,237
"Data Science Internship at Zoho in Gurugram. Mode: Remote. Duration 6 months. Stipend ₹10000/month. Selected interns will work on live projects, receive mentorship, certificate, and PPO opportunity. Apply via official careers portal.",1,0,0,1,1,1,0,233
"QA Testing Internship at Freshworks in Chennai. Mode: Hybrid. Duration 6 months. Stipend ₹12000/month. Selected interns will work on live projects, receive mentorship, certificate, and PPO opportunity. Apply via official careers portal.",1,0,0,1,1,0,0,236
"Data Science Internship at Infosys in Chennai. Mode: Hybrid. Duration 2 months. Stipend ₹30000/month. Selected interns will work on live projects, receive mentorship, certificate, and PPO opportunity. Apply via official careers portal.",1,0,0,1,1,1,0,235
"Frontend Development Internship at Naukri in Gurugram. Mode: Remote. Duration 3 months. Stipend ₹20000/month. Selected interns will work on live projects, receive mentorship, certificate, and PPO opportunity. Apply via official careers portal.",1,0,0,1,1,0,0,243
"Frontend Development Internship at Google India in Pune. Mode: Hybrid. Duration 6 months. Stipend ₹12000/month. Selected interns will work on live projects, receive mentorship, certificate, and PPO opportunity. Apply via official careers portal.",1,0,0,1,1,1,0,245
Online internship for students. Pay security deposit and start earning immediately. WhatsApp to join.,0,1,0,0,0,0,1,101
"Business Analytics Internship at TCS in Bengaluru. Mode: Remote. Duration 3 months. Stipend ₹15000/month. Selected interns will work on live projects, receive mentorship, certificate, and PPO opportunity. Apply via official careers portal.",1,0,0,1,1,0,0,239
"Frontend Development Internship at Microsoft India in Chennai. Mode: Hybrid. Duration 6 months. Stipend ₹20000/month. Selected interns will work on live projects, receive mentorship, certificate, and PPO opportunity. Apply via official careers portal.",1,0,0,1,1,1,0,251
Part-time internship. No skills needed. Earn money daily. Fast-track joining after registration charge.,0,1,1,0,0,1,0,103
"Software Development Internship at Google India in Mumbai. Mode: On-site. Duration 3 months. Stipend ₹8000/month. Selected interns will work on live projects, receive mentorship, certificate, and PPO opportunity. Apply via official careers portal.",1,0,0,1,1,0,0,247
Online internship for students. Pay security deposit and start earning immediately. WhatsApp to join.,0,1,1,0,1,1,1,101
"Full Stack Development Internship at Amazon India in Bengaluru. Mode: On-site. Duration 2 months. Stipend ₹12000/month. Selected interns will work on live projects, receive mentorship, certificate, and PPO opportunity. Apply via official careers portal.",1,0,0,1,1,0,0,253
"Business Analytics Internship at TCS in Mumbai. Mode: Remote. Duration 6 months. Stipend ₹5000/month. Selected interns will work on live projects, receive mentorship, certificate, and PPO opportunity. Apply via official careers portal.",1,0,0,1,1,1,0,235
"Mobile App Development Internship at Nykaa in Hyderabad. Mode: On-site. Duration 4 months. Stipend ₹20000/month. Selected interns will work on live projects, receive mentorship, certificate, and PPO opportunity. Apply via official careers portal.",1,0,0,1,1,0,0,246
Part-time internship. No skills needed. Earn money daily. Fast-track joining after registration charge.,0,1,1,0,0,0,1,103
"Cloud Computing Internship at L&T in Gurugram. Mode: Hybrid. Duration 2 months. Stipend ₹8000/month. Selected interns will work on live projects, receive mentorship, certificate, and PPO opportunity. Apply via official careers portal.",1,0,0,1,1,1,0,234
"Digital Marketing Internship at Microsoft India in Delhi. Mode: On-site. Duration 6 months. Stipend ₹25000/month. Selected interns will work on live projects, receive mentorship, certificate, and PPO opportunity. Apply via official careers portal.",1,0,0,1,1,1,0,247
Part-time internship. No skills needed. Earn money daily. Fast-track joining after registration charge.,0,1,0,0,0,0,0,103
Urgent hiring for interns. Guaranteed income of ₹1500/day. Limited seats. Instant selection after payment.,0,1,1,0,0,0,1,106
"Full Stack Development Internship at Razorpay in Hyderabad. Mode: Remote. Duration 4 months. Stipend ₹10000/month. Selected interns will work on live projects, receive mentorship, certificate, and PPO opportunity. Apply via official careers portal.",1,0,0,1,1,0,0,248
"Business Analytics Internship at Razorpay in Gurugram. Mode: Hybrid. Duration 3 months. Stipend ₹12000/month. Selected interns will work on live projects, receive mentorship, certificate, and PPO opportunity. Apply via official careers portal.",1,0,0,1,1,0,0,243
Online internship for students. Pay security deposit and start earning immediately. WhatsApp to join.,0,1,1,0,1,1,0,101
"Digital Marketing Internship at Microsoft India in Chennai. Mode: Hybrid. Duration 3 months. Stipend ₹15000/month. Selected interns will work on live projects, receive mentorship, certificate, and PPO opportunity. Apply via official careers portal.",1,0,0,1,1,0,0,248
"Embedded Systems Internship at Naukri in Bengaluru. Mode: On-site. Duration 6 months. Stipend ₹20000/month. Selected interns will work on live projects, receive mentorship, certificate, and PPO opportunity. Apply via official careers portal.",1,0,0,1,1,0,0,241
Part-time internship. No skills needed. Earn money daily. Fast-track joining after registration charge.,0,1,0,0,0,1,0,103
"Mobile App Development Internship at Nykaa in Delhi. Mode: Hybrid. Duration 6 months. Stipend ₹8000/month. Selected interns will work on live projects, receive mentorship, certificate, and PPO opportunity. Apply via official careers portal.",1,0,0,1,1,0,0,240
"QA Testing Internship at Wipro in Mumbai. Mode: On-site. Duration 6 months. Stipend ₹20000/month. Selected interns will work on live projects, receive mentorship, certificate, and PPO opportunity. Apply via official careers portal.",1,0,0,1,1,0,0,231
Online internship for students. Pay security deposit and start earning immediately. WhatsApp to join.,0,1,0,0,1,1,0,101
Work from home internship. Earn ₹1500 daily. No interview. Apply on WhatsApp. Registration fee required.,0,0,0,0,0,1,1,104
"DevOps Internship at L&T in Bengaluru. Mode: Remote. Duration 4 months. Stipend ₹5000/month. Selected interns will work on live projects, receive mentorship, certificate, and PPO opportunity. Apply via official careers portal.",1,0,0,1,1,0,0,226
"Mobile App Development Internship at Paytm in Chennai. Mode: Hybrid. Duration 4 months. Stipend ₹12000/month. Selected interns will work on live projects, receive mentorship, certificate, and PPO opportunity. Apply via official careers portal.",1,0,0,1,1,1,0,243
"Full Stack Development Internship at Myntra in Mumbai. Mode: Remote. Duration 3 months. Stipend ₹15000/month. Selected interns will work on live projects, receive mentorship, certificate, and PPO opportunity. Apply via official careers portal.",1,0,0,1,1,0,0,243
"Software Development Internship at TCS in Mumbai. Mode: Remote. Duration 6 months. Stipend ₹8000/month. Selected interns will work on live projects, receive mentorship, certificate, and PPO opportunity. Apply via official careers portal.",1,0,0,1,1,1,0,237
"DevOps Internship at Razorpay in Bengaluru. Mode: On-site. Duration 4 months. Stipend ₹20000/month. Selected interns will work on live projects, receive mentorship, certificate, and PPO opportunity. Apply via official careers portal.",1,0,0,1,1,0,0,233
"Cybersecurity Internship at TCS in Gurugram. Mode: Hybrid. Duration 3 months. Stipend ₹12000/month. Selected interns will work on live projects, receive mentorship, certificate, and PPO opportunity. Apply via official careers portal.",1,0,0,1,1,0,0,233
"Software Development Internship at Freshworks in Noida. Mode: On-site. Duration 6 months. Stipend ₹25000/month. Selected interns will work on live projects, receive mentorship, certificate, and PPO opportunity. Apply via official careers portal.",1,0,0,1,1,1,0,245
"UI/UX Design Internship at Freshworks in Pune. Mode: On-site. Duration 4 months. Stipend ₹25000/month. Selected interns will work on live projects, receive mentorship, certificate, and PPO opportunity. Apply via official careers portal.",1,0,0,1,1,0,0,236
Urgent hiring for interns. Guaranteed income of ₹3000/day. Limited seats. Instant selection after payment.,0,1,0,0,0,0,0,106
Urgent hiring for interns. Guaranteed income of ₹5000/day. Limited seats. Instant selection after payment.,0,1,1,0,1,1,1,106
"Embedded Systems Internship at CRED in Noida. Mode: On-site. Duration 4 months. Stipend ₹30000/month. Selected interns will work on live projects, receive mentorship, certificate, and PPO opportunity. Apply via official careers portal.",1,0,0,1,1,1,0,235
"Backend Development Internship at Naukri in Mumbai. Mode: Remote. Duration 2 months. Stipend ₹8000/month. Selected interns will work on live projects, receive mentorship, certificate, and PPO opportunity. Apply via official careers portal.",1,0,0,1,1,0,0,239
"Full Stack Development Internship at Paytm in Delhi. Mode: On-site. Duration 4 months. Stipend ₹15000/month. Selected interns will work on live projects, receive mentorship, certificate, and PPO opportunity. Apply via official careers portal.",1,0,0,1,1,0,0,242
"Frontend Development Internship at Myntra in Gurugram. Mode: Hybrid. Duration 6 months. Stipend ₹10000/month. Selected interns will work on live projects, receive mentorship, certificate, and PPO opportunity. Apply via official careers portal.",1,0,0,1,1,0,0,243
"QA Testing Internship at L&T in Hyderabad. Mode: On-site. Duration 3 months. Stipend ₹25000/month. Selected interns will work on live projects, receive mentorship, certificate, and PPO opportunity. Apply via official careers portal.",1,0,0,1,1,0,0,232
"UI/UX Design Internship at Myntra in Noida. Mode: Remote. Duration 3 months. Stipend ₹30000/month. Selected interns will work on live projects, receive mentorship, certificate, and PPO opportunity. Apply via official careers portal.",1,0,0,1,1,1,0,232
Urgent hiring for interns. Guaranteed income of ₹3000/day. Limited seats. Instant selection after payment.,0,1,1,0,1,1,0,106
"Cybersecurity Internship at Razorpay in Mumbai. Mode: On-site. Duration 3 months. Stipend ₹20000/month. Selected interns will work on live projects, receive mentorship, certificate, and PPO opportunity. Apply via official careers portal.",1,0,0,1,1,0,0,237
"UI/UX Design Internship at TCS in Delhi. Mode: Remote. Duration 3 months. Stipend ₹25000/month. Selected interns will work on live projects, receive mentorship, certificate, and PPO opportunity. Apply via official careers portal.",1,0,0,1,1,0,0,229
"Data Science Internship at L&T in Hyderabad. Mode: Remote. Duration 4 months. Stipend ₹30000/month. Selected interns will work on live projects, receive mentorship, certificate, and PPO opportunity. Apply via official careers portal.",1,0,0,1,1,0,0,233
"Data Science Internship at L&T in Hyderabad. Mode: On-site. Duration 6 months. Stipend ₹12000/month. Selected interns will work on live projects, receive mentorship, certificate, and PPO opportunity. Apply via official careers portal.",1,0,0,1,1,0,0,234
Part-time internship. No skills needed. Earn money daily. Fast-track joining after registration charge.,0,0,1,0,0,1,1,103
Urgent hiring for interns. Guaranteed income of ₹1000/day. Limited seats. Instant selection after payment.,0,1,1,0,1,0,1,106
"Full Stack Development Internship at Razorpay in Delhi. Mode: Hybrid. Duration 4 months. Stipend ₹8000/month. Selected interns will work on live projects, receive mentorship, certificate, and PPO opportunity. Apply via official careers portal.",1,0,0,1,1,0,0,243
Urgent hiring for interns. Guaranteed income of ₹1500/day. Limited seats. Instant selection after payment.,0,1,1,0,0,1,0,106
Online internship for students. Pay security deposit and start earning immediately. WhatsApp to join.,0,1,1,0,1,1,1,101
"Mobile App Development Internship at Google India in Mumbai. Mode: On-site. Duration 6 months. Stipend ₹25000/month. Selected interns will work on live projects, receive mentorship, certificate, and PPO opportunity. Apply via official careers portal.",1,0,0,1,1,1,0,250
Urgent hiring for interns. Guaranteed income of ₹1500/day. Limited seats. Instant selection after payment.,0,1,1,0,1,1,1,106
"UI/UX Design Internship at Nykaa in Delhi. Mode: Remote. Duration 4 months. Stipend ₹30000/month. Selected interns will work on live projects, receive mentorship, certificate, and PPO opportunity. Apply via official careers portal.",1,0,0,1,1,1,0,231
"DevOps Internship at L&T in Mumbai. Mode: On-site. Duration 2 months. Stipend ₹15000/month. Selected interns will work on live projects, receive mentorship, certificate, and PPO opportunity. Apply via official careers portal.",1,0,0,1,1,0,0,225
"Machine Learning Internship at CRED in Noida. Mode: Remote. Duration 3 months. Stipend ₹30000/month. Selected interns will work on live projects, receive mentorship, certificate, and PPO opportunity. Apply via official careers portal.",1,0,0,1,1,0,0,234
Online internship for students. Pay security deposit and start earning immediately. WhatsApp to join.,0,1,1,0,1,1,0,101
"Digital Marketing Internship at Razorpay in Mumbai. Mode: On-site. Duration 2 months. Stipend ₹12000/month. Selected interns will work on live projects, receive mentorship, certificate, and PPO opportunity. Apply via official careers portal.",1,0,0,1,1,1,0,241
"DevOps Internship at Microsoft India in Hyderabad. Mode: On-site. Duration 2 months. Stipend ₹15000/month. Selected interns will work on live projects, receive mentorship, certificate, and PPO opportunity. Apply via official careers portal.",1,0,0,1,1,0,0,240
"DevOps Internship at HCLTech in Noida. Mode: Hybrid. Duration 4 months. Stipend ₹25000/month. Selected interns will work on live projects, receive mentorship, certificate, and PPO opportunity. Apply via official careers portal.",1,0,0,1,1,0,0,227
"Cybersecurity Internship at Zoho in Noida. Mode: Remote. Duration 2 months. Stipend ₹15000/month. Selected interns will work on live projects, receive mentorship, certificate, and PPO opportunity. Apply via official careers portal.",1,0,0,1,1,0,0,231
"Machine Learning Internship at L&T in Pune. Mode: Remote. Duration 6 months. Stipend ₹10000/month. Selected interns will work on live projects, receive mentorship, certificate, and PPO opportunity. Apply via official careers portal.",1,0,0,1,1,0,0,232
"Cybersecurity Internship at Deloitte India in Chennai. Mode: On-site. Duration 4 months. Stipend ₹5000/month. Selected interns will work on live projects, receive mentorship, certificate, and PPO opportunity. Apply via official careers portal.",1,0,0,1,1,1,0,243
"Mobile App Development Internship at Google India in Chennai. Mode: On-site. Duration 4 months. Stipend ₹8000/month. Selected interns will work on live projects, receive mentorship, certificate, and PPO opportunity. Apply via official careers portal.",1,0,0,1,1,0,0,250
"Cybersecurity Internship at Tech Mahindra in Delhi. Mode: Remote. Duration 2 months. Stipend ₹20000/month. Selected interns will work on live projects, receive mentorship, certificate, and PPO opportunity. Apply via official careers portal.",1,0,0,1,1,1,0,240
"Software Development Internship at Nykaa in Mumbai. Mode: On-site. Duration 4 months. Stipend ₹30000/month. Selected interns will work on live projects, receive mentorship, certificate, and PPO opportunity. Apply via official careers portal.",1,0,0,1,1,0,0,241
"Business Analytics Internship at HCLTech in Bengaluru. Mode: On-site. Duration 3 months. Stipend ₹12000/month. Selected interns will work on live projects, receive mentorship, certificate, and PPO opportunity. Apply via official careers portal.",1,0,0,1,1,1,0,244
"UI/UX Design Internship at Paytm in Mumbai. Mode: Remote. Duration 2 months. Stipend ₹25000/month. Selected interns will work on live projects, receive mentorship, certificate, and PPO opportunity. Apply via official careers portal.",1,0,0,1,1,0,0,232
"Embedded Systems Internship at Accenture in Chennai. Mode: On-site. Duration 6 months. Stipend ₹20000/month. Selected interns will work on live projects, receive mentorship, certificate, and PPO opportunity. Apply via official careers portal.",1,0,0,1,1,1,0,242
"QA Testing Internship at HCLTech in Noida. Mode: On-site. Duration 3 months. Stipend ₹15000/month. Selected interns will work on live projects, receive mentorship, certificate, and PPO opportunity. Apply via official careers portal.",1,0,0,1,1,0,0,232
"DevOps Internship at Flipkart in Noida. Mode: Remote. Duration 4 months. Stipend ₹8000/month. Selected interns will work on live projects, receive mentorship, certificate, and PPO opportunity. Apply via official careers portal.",1,0,0,1,1,0,0,227
"QA Testing Internship at L&T in Bengaluru. Mode: Hybrid. Duration 4 months. Stipend ₹15000/month. Selected interns will work on live projects, receive mentorship, certificate, and PPO opportunity. Apply via official careers portal.",1,0,0,1,1,0,0,231
"Machine Learning Internship at Paytm in Pune. Mode: On-site. Duration 6 months. Stipend ₹10000/month. Selected interns will work on live projects, receive mentorship, certificate, and PPO opportunity. Apply via official careers portal.",1,0,0,1,1,1,0,235
Work from home internship. Earn ₹2000 daily. No interview. Apply on WhatsApp. Registration fee required.,0,1,1,0,1,0,1,104
"Cybersecurity Internship at Paytm in Mumbai. Mode: On-site. Duration 2 months. Stipend ₹20000/month. Selected interns will work on live projects, receive mentorship, certificate, and PPO opportunity. Apply via official careers portal.",1,0,0,1,1,1,0,234
"DevOps Internship at Nykaa in Noida. Mode: On-site. Duration 3 months. Stipend ₹12000/month. Selected interns will work on live projects, receive mentorship, certificate, and PPO opportunity. Apply via official careers portal.",1,0,0,1,1,0,0,226
"Mobile App Development Internship at Naukri in Mumbai. Mode: Hybrid. Duration 2 months. Stipend ₹20000/month. Selected interns will work on live projects, receive mentorship, certificate, and PPO opportunity. Apply via official careers portal.",1,0,0,1,1,0,0,243
Online internship for students. Pay security deposit and start earning immediately. WhatsApp to join.,0,0,1,0,1,1,1,101
"Software Development Internship at Deloitte India in Pune. Mode: On-site. Duration 3 months. Stipend ₹5000/month. Selected interns will work on live projects, receive mentorship, certificate, and PPO opportunity. Apply via official careers portal.",1,0,0,1,1,0,0,247
"Digital Marketing Internship at Flipkart in Hyderabad. Mode: Remote. Duration 3 months. Stipend ₹20000/month. Selected interns will work on live projects, receive mentorship, certificate, and PPO opportunity. Apply via official careers portal.",1,0,0,1,1,0,0,243
"UI/UX Design Internship at Nykaa in Noida. Mode: Hybrid. Duration 3 months. Stipend ₹8000/month. Selected interns will work on live projects, receive mentorship, certificate, and PPO opportunity. Apply via official careers portal.",1,0,0,1,1,1,0,230
"Mobile App Development Internship at Freshworks in Delhi. Mode: Hybrid. Duration 6 months. Stipend ₹30000/month. Selected interns will work on live projects, receive mentorship, certificate, and PPO opportunity. Apply via official careers portal.",1,0,0,1,1,0,0,246
"Business Analytics Internship at Deloitte India in Delhi. Mode: Hybrid. Duration 6 months. Stipend ₹15000/month. Selected interns will work on live projects, receive mentorship, certificate, and PPO opportunity. Apply via official careers portal.",1,0,0,1,1,1,0,246
"Data Science Internship at Infosys in Hyderabad. Mode: On-site. Duration 2 months. Stipend ₹25000/month. Selected interns will work on live projects, receive mentorship, certificate, and PPO opportunity. Apply via official careers portal.",1,0,0,1,1,0,0,238
"Machine Learning Internship at Wipro in Mumbai. Mode: Remote. Duration 3 months. Stipend ₹20000/month. Selected interns will work on live projects, receive mentorship, certificate, and PPO opportunity. Apply via official careers portal.",1,0,0,1,1,0,0,236
"UI/UX Design Internship at Google India in Bengaluru. Mode: On-site. Duration 2 months. Stipend ₹15000/month. Selected interns will work on live projects, receive mentorship, certificate, and PPO opportunity. Apply via official careers portal.",1,0,0,1,1,0,0,243
Urgent hiring for interns. Guaranteed income of ₹3000/day. Limited seats. Instant selection after payment.,0,1,0,0,0,1,0,106
"Data Science Internship at Flipkart in Hyderabad. Mode: On-site. Duration 3 months. Stipend ₹12000/month. Selected interns will work on live projects, receive mentorship, certificate, and PPO opportunity. Apply via official careers portal.",1,0,0,1,1,0,0,239
"QA Testing Internship at Amazon India in Noida. Mode: On-site. Duration 4 months. Stipend ₹5000/month. Selected interns will work on live projects, receive mentorship, certificate, and PPO opportunity. Apply via official careers portal.",1,0,0,1,1,0,0,236
"Full Stack Development Internship at Naukri in Bengaluru. Mode: Hybrid. Duration 4 months. Stipend ₹25000/month. Selected interns will work on live projects, receive mentorship, certificate, and PPO opportunity. Apply via official careers portal.",1,0,0,1,1,0,0,246
"Embedded Systems Internship at Deloitte India in Pune. Mode: Hybrid. Duration 4 months. Stipend ₹20000/month. Selected interns will work on live projects, receive mentorship, certificate, and PPO opportunity. Apply via official careers portal.",1,0,0,1,1,0,0,243
Work from home internship. Earn ₹1000 daily. No interview. Apply on WhatsApp. Registration fee required.,0,1,1,0,0,0,1,104
"Software Development Internship at Myntra in Gurugram. Mode: On-site. Duration 4 months. Stipend ₹15000/month. Selected interns will work on live projects, receive mentorship, certificate, and PPO opportunity. Apply via official careers portal.",1,0,0,1,1,0,0,244
"Cybersecurity Internship at Paytm in Noida. Mode: Remote. Duration 4 months. Stipend ₹30000/month. Selected interns will work on live projects, receive mentorship, certificate, and PPO opportunity. Apply via official careers portal.",1,0,0,1,1,0,0,232
"Software Development Internship at Accenture in Pune. Mode: Remote. Duration 3 months. Stipend ₹12000/month. Selected interns will work on live projects, receive mentorship, certificate, and PPO opportunity. Apply via official careers portal.",1,0,0,1,1,0,0,242
"Mobile App Development Internship at Zoho in Gurugram. Mode: Remote. Duration 6 months. Stipend ₹15000/month. Selected interns will work on live projects, receive mentorship, certificate, and PPO opportunity. Apply via official careers portal.",1,0,0,1,1,0,0,243
"Software Development Internship at Razorpay in Pune. Mode: Remote. Duration 2 months. Stipend ₹10000/month. Selected interns will work on live projects, receive mentorship, certificate, and PPO opportunity. Apply via official careers portal.",1,0,0,1,1,1,0,241
"Digital Marketing Internship at Myntra in Pune. Mode: On-site. Duration 3 months. Stipend ₹20000/month. Selected interns will work on live projects, receive mentorship, certificate, and PPO opportunity. Apply via official careers portal.",1,0,0,1,1,0,0,237
Work from home internship. Earn ₹1500 daily. No interview. Apply on WhatsApp. Registration fee required.,0,1,0,0,1,1,0,104
"Backend Development Internship at L&T in Hyderabad. Mode: Hybrid. Duration 2 months. Stipend ₹10000/month. Selected interns will work on live projects, receive mentorship, certificate, and PPO opportunity. Apply via official careers portal.",1,0,0,1,1,0,0,240
"Embedded Systems Internship at Amazon India in Mumbai. Mode: Remote. Duration 4 months. Stipend ₹8000/month. Selected interns will work on live projects, receive mentorship, certificate, and PPO opportunity. Apply via official careers portal.",1,0,0,1,1,0,0,242
"Cloud Computing Internship at Accenture in Gurugram. Mode: Remote. Duration 4 months. Stipend ₹5000/month. Selected interns will work on live projects, receive mentorship, certificate, and PPO opportunity. Apply via official careers portal.",1,0,0,1,1,0,0,240
"Digital Marketing Internship at L&T in Noida. Mode: On-site. Duration 6 months. Stipend ₹8000/month. Selected interns will work on live projects, receive mentorship, certificate, and PPO opportunity. Apply via official careers portal.",1,0,0,1,1,0,0,234
"Embedded Systems Internship at Naukri in Delhi. Mode: On-site. Duration 4 months. Stipend ₹25000/month. Selected interns will work on live projects, receive mentorship, certificate, and PPO opportunity. Apply via official careers portal.",1,0,0,1,1,0,0,237
"DevOps Internship at Freshworks in Chennai. Mode: Hybrid. Duration 3 months. Stipend ₹5000/month. Selected interns will work on live projects, receive mentorship, certificate, and PPO opportunity. Apply via official careers portal.",1,0,0,1,1,0,0,231
"UI/UX Design Internship at TCS in Gurugram. Mode: Remote. Duration 3 months. Stipend ₹25000/month. Selected interns will work on live projects, receive mentorship, certificate, and PPO opportunity. Apply via official careers portal.",1,0,0,1,1,0,0,232
"Digital Marketing Internship at Myntra in Hyderabad. Mode: Hybrid. Duration 4 months. Stipend ₹5000/month. Selected interns will work on live projects, receive mentorship, certificate, and PPO opportunity. Apply via official careers portal.",1,0,0,1,1,1,0,240
Urgent hiring for interns. Guaranteed income of ₹500/day. Limited seats. Instant selection after payment.,0,1,0,0,0,1,1,105
"DevOps Internship at Zoho in Mumbai. Mode: Hybrid. Duration 2 months. Stipend ₹5000/month. Selected interns will work on live projects, receive mentorship, certificate, and PPO opportunity. Apply via official careers portal.",1,0,0,1,1,1,0,224
"Cybersecurity Internship at Zoho in Gurugram. Mode: Hybrid. Duration 3 months. Stipend ₹12000/month. Selected interns will work on live projects, receive mentorship, certificate, and PPO opportunity. Apply via official careers portal.",1,0,0,1,1,0,0,234
Part-time internship. No skills needed. Earn money daily. Fast-track joining after registration charge.,0,1,1,0,1,1,1,103
Work from home internship. Earn ₹1500 daily. No interview. Apply on WhatsApp. Registration fee required.,0,0,1,0,0,0,0,104
Online internship for students. Pay security deposit and start earning immediately. WhatsApp to join.,0,0,0,0,0,1,0,101
"UI/UX Design Internship at TCS in Bengaluru. Mode: On-site. Duration 4 months. Stipend ₹12000/month. Selected interns will work on live projects, receive mentorship, certificate, and PPO opportunity. Apply via official careers portal.",1,0,0,1,1,1,0,234
"Cloud Computing Internship at Infosys in Bengaluru. Mode: On-site. Duration 6 months. Stipend ₹30000/month. Selected interns will work on live projects, receive mentorship, certificate, and PPO opportunity. Apply via official careers portal.",1,0,0,1,1,0,0,241
"UI/UX Design Internship at Razorpay in Pune. Mode: Hybrid. Duration 2 months. Stipend ₹10000/month. Selected interns will work on live projects, receive mentorship, certificate, and PPO opportunity. Apply via official careers portal.",1,0,0,1,1,1,0,233
"Embedded Systems Internship at Microsoft India in Mumbai. Mode: Hybrid. Duration 6 months. Stipend ₹30000/month. Selected interns will work on live projects, receive mentorship, certificate, and PPO opportunity. Apply via official careers portal.",1,0,0,1,1,0,0,246
"Mobile App Development Internship at Google India in Chennai. Mode: Remote. Duration 4 months. Stipend ₹5000/month. Selected interns will work on live projects, receive mentorship, certificate, and PPO opportunity. Apply via official careers portal.",1,0,0,1,1,0,0,249
"Cloud Computing Internship at Deloitte India in Noida. Mode: On-site. Duration 6 months. Stipend ₹5000/month. Selected interns will work on live projects, receive mentorship, certificate, and PPO opportunity. Apply via official careers portal.",1,0,0,1,1,0,0,243
"Data Science Internship at Zoho in Chennai. Mode: On-site. Duration 3 months. Stipend ₹12000/month. Selected interns will work on live projects, receive mentorship, certificate, and PPO opportunity. Apply via official careers portal.",1,0,0,1,1,0,0,233
"Business Analytics Internship at Deloitte India in Hyderabad. Mode: On-site. Duration 2 months. Stipend ₹12000/month. Selected interns will work on live projects, receive mentorship, certificate, and PPO opportunity. Apply via official careers portal.",1,0,0,1,1,0,0,251
"Software Development Internship at CRED in Gurugram. Mode: Remote. Duration 4 months. Stipend ₹8000/month. Selected interns will work on live projects, receive mentorship, certificate, and PPO opportunity. Apply via official careers portal.",1,0,0,1,1,1,0,240
"Business Analytics Internship at Infosys in Chennai. Mode: Remote. Duration 3 months. Stipend ₹8000/month. Selected interns will work on live projects, receive mentorship, certificate, and PPO opportunity. Apply via official careers portal.",1,0,0,1,1,0,0,240
"Frontend Development Internship at Tech Mahindra in Chennai. Mode: On-site. Duration 2 months. Stipend ₹12000/month. Selected interns will work on live projects, receive mentorship, certificate, and PPO opportunity. Apply via official careers portal.",1,0,0,1,1,0,0,250
"QA Testing Internship at Flipkart in Gurugram. Mode: Remote. Duration 2 months. Stipend ₹15000/month. Selected interns will work on live projects, receive mentorship, certificate, and PPO opportunity. Apply via official careers portal.",1,0,0,1,1,0,0,235
Part-time internship. No skills needed. Earn money daily. Fast-track joining after registration charge.,0,1,1,0,0,0,1,103
"QA Testing Internship at Google India in Delhi. Mode: Remote. Duration 3 months. Stipend ₹12000/month. Selected interns will work on live projects, receive mentorship, certificate, and PPO opportunity. Apply via official careers portal.",1,0,0,1,1,0,0,236
Work from home internship. Earn ₹3000 daily. No interview. Apply on WhatsApp. Registration fee required.,0,1,1,0,1,1,1,104
"Cloud Computing Internship at Infosys in Hyderabad. Mode: Hybrid. Duration 4 months. Stipend ₹12000/month. Selected interns will work on live projects, receive mentorship, certificate, and PPO opportunity. Apply via official careers portal.",1,0,0,1,1,0,0,240
"Cybersecurity Internship at Wipro in Hyderabad. Mode: Hybrid. Duration 2 months. Stipend ₹12000/month. Selected interns will work on live projects, receive mentorship, certificate, and PPO opportunity. Apply via official careers portal.",1,0,0,1,1,0,0,236
"Full Stack Development Internship at Naukri in Noida. Mode: Hybrid. Duration 6 months. Stipend ₹8000/month. Selected interns will work on live projects, receive mentorship, certificate, and PPO opportunity. Apply via official careers portal.",1,0,0,1,1,1,0,241
"Machine Learning Internship at Naukri in Bengaluru. Mode: Remote. Duration 4 months. Stipend ₹10000/month. Selected interns will work on live projects, receive mentorship, certificate, and PPO opportunity. Apply via official careers portal.",1,0,0,1,1,0,0,240
"QA Testing Internship at Razorpay in Noida. Mode: On-site. Duration 6 months. Stipend ₹10000/month. Selected interns will work on live projects, receive mentorship, certificate, and PPO opportunity. Apply via official careers portal.",1,0,0,1,1,0,0,233
Part-time internship. No skills needed. Earn money daily. Fast-track joining after registration charge.,0,1,1,0,0,1,0,103
Work from home internship. Earn ₹3000 daily. No interview. Apply on WhatsApp. Registration fee required.,0,1,0,0,0,0,0,104
"Cloud Computing Internship at Nykaa in Bengaluru. Mode: Hybrid. Duration 4 months. Stipend ₹10000/month. Selected interns will work on live projects, receive mentorship, certificate, and PPO opportunity. Apply via official careers portal.",1,0,0,1,1,0,0,238
"Machine Learning Internship at HCLTech in Chennai. Mode: Remote. Duration 6 months. Stipend ₹30000/month. Selected interns will work on live projects, receive mentorship, certificate, and PPO opportunity. Apply via official careers portal.",1,0,0,1,1,1,0,239
"Digital Marketing Internship at Zoho in Pune. Mode: Remote. Duration 6 months. Stipend ₹25000/month. Selected interns will work on live projects, receive mentorship, certificate, and PPO opportunity. Apply via official careers portal.",1,0,0,1,1,0,0,234
Work from home internship. Earn ₹500 daily. No interview. Apply on WhatsApp. Registration fee required.,0,0,1,0,0,0,1,103
Work from home internship. Earn ₹1000 daily. No interview. Apply on WhatsApp. Registration fee required.,0,0,1,0,1,1,0,104
Urgent hiring for interns. Guaranteed income of ₹3000/day. Limited seats. Instant selection after payment.,0,1,1,0,0,0,0,106
"Cloud Computing Internship at HCLTech in Mumbai. Mode: On-site. Duration 2 months. Stipend ₹25000/month. Selected interns will work on live projects, receive mentorship, certificate, and PPO opportunity. Apply via official careers portal.",1,0,0,1,1,0,0,238
"Software Development Internship at CRED in Chennai. Mode: On-site. Duration 4 months. Stipend ₹10000/month. Selected interns will work on live projects, receive mentorship, certificate, and PPO opportunity. Apply via official careers portal.",1,0,0,1,1,1,0,241
Work from home internship. Earn ₹500 daily. No interview. Apply on WhatsApp. Registration fee required.,0,0,1,0,0,0,1,103
Part-time internship. No skills needed. Earn money daily. Fast-track joining after registration charge.,0,1,1,0,0,0,0,103
"Digital Marketing Internship at Myntra in Hyderabad. Mode: Remote. Duration 4 months. Stipend ₹15000/month. Selected interns will work on live projects, receive mentorship, certificate, and PPO opportunity. Apply via official careers portal.",1,0,0,1,1,0,0,241
"UI/UX Design Internship at Accenture in Mumbai. Mode: Hybrid. Duration 4 months. Stipend ₹8000/month. Selected interns will work on live projects, receive mentorship, certificate, and PPO opportunity. Apply via official careers portal.",1,0,0,1,1,0,0,235
"Digital Marketing Internship at Nykaa in Delhi. Mode: Remote. Duration 6 months. Stipend ₹25000/month. Selected interns will work on live projects, receive mentorship, certificate, and PPO opportunity. Apply via official careers portal.",1,0,0,1,1,0,0,236
"Software Development Internship at Microsoft India in Gurugram. Mode: Remote. Duration 2 months. Stipend ₹5000/month. Selected interns will work on live projects, receive mentorship, certificate, and PPO opportunity. Apply via official careers portal.",1,0,0,1,1,0,0,251
"Software Development Internship at Tech Mahindra in Noida. Mode: Hybrid. Duration 4 months. Stipend ₹25000/month. Selected interns will work on live projects, receive mentorship, certificate, and PPO opportunity. Apply via official careers portal.",1,0,0,1,1,1,0,247
Part-time internship. No skills needed. Earn money daily. Fast-track joining after registration charge.,0,0,1,0,0,1,0,103
"Backend Development Internship at Amazon India in Chennai. Mode: Hybrid. Duration 4 months. Stipend ₹30000/month. Selected interns will work on live projects, receive mentorship, certificate, and PPO opportunity. Apply via official careers portal.",1,0,0,1,1,0,0,247
"Full Stack Development Internship at Paytm in Delhi. Mode: Remote. Duration 3 months. Stipend ₹30000/month. Selected interns will work on live projects, receive mentorship, certificate, and PPO opportunity. Apply via official careers portal.",1,0,0,1,1,0,0,241
Work from home internship. Earn ₹5000 daily. No interview. Apply on WhatsApp. Registration fee required.,0,1,1,0,1,0,1,104
"Machine Learning Internship at Amazon India in Hyderabad. Mode: On-site. Duration 3 months. Stipend ₹10000/month. Selected interns will work on live projects, receive mentorship, certificate, and PPO opportunity. Apply via official careers portal.",1,0,0,1,1,1,0,247
"QA Testing Internship at Myntra in Mumbai. Mode: Hybrid. Duration 6 months. Stipend ₹8000/month. Selected interns will work on live projects, receive mentorship, certificate, and PPO opportunity. Apply via official careers portal.",1,0,0,1,1,1,0,230
"Embedded Systems Internship at Flipkart in Noida. Mode: Remote. Duration 4 months. Stipend ₹8000/month. Selected interns will work on live projects, receive mentorship, certificate, and PPO opportunity. Apply via official careers portal.",1,0,0,1,1,1,0,237
Work from home internship. Earn ₹5000 daily. No interview. Apply on WhatsApp. Registration fee required.,0,1,0,0,1,0,1,104
"Cybersecurity Internship at Accenture in Bengaluru. Mode: On-site. Duration 2 months. Stipend ₹12000/month. Selected interns will work on live projects, receive mentorship, certificate, and PPO opportunity. Apply via official careers portal.",1,0,0,1,1,0,0,241
"Business Analytics Internship at Zoho in Gurugram. Mode: On-site. Duration 4 months. Stipend ₹12000/month. Selected interns will work on live projects, receive mentorship, certificate, and PPO opportunity. Apply via official careers portal.",1,0,0,1,1,0,0,240
"Data Science Internship at Naukri in Mumbai. Mode: On-site. Duration 3 months. Stipend ₹10000/month. Selected interns will work on live projects, receive mentorship, certificate, and PPO opportunity. Apply via official careers portal.",1,0,0,1,1,0,0,234
Online internship for students. Pay security deposit and start earning immediately. WhatsApp to join.,0,1,1,0,0,0,1,101
"Backend Development Internship at Freshworks in Pune. Mode: Remote. Duration 3 months. Stipend ₹8000/month. Selected interns will work on live projects, receive mentorship, certificate, and PPO opportunity. Apply via official careers portal.",1,0,0,1,1,1,0,241
"Frontend Development Internship at HCLTech in Pune. Mode: On-site. Duration 2 months. Stipend ₹30000/month. Selected interns will work on live projects, receive mentorship, certificate, and PPO opportunity. Apply via official careers portal.",1,0,0,1,1,0,0,241
"Machine Learning Internship at L&T in Delhi. Mode: Hybrid. Duration 6 months. Stipend ₹10000/month. Selected interns will work on live projects, receive mentorship, certificate, and PPO opportunity. Apply via official careers portal.",1,0,0,1,1,0,0,233
"Mobile App Development Internship at Nykaa in Bengaluru. Mode: On-site. Duration 3 months. Stipend ₹12000/month. Selected interns will work on live projects, receive mentorship, certificate, and PPO opportunity. Apply via official careers portal.",1,0,0,1,1,0,0,246
"Machine Learning Internship at Razorpay in Mumbai. Mode: Remote. Duration 3 months. Stipend ₹12000/month. Selected interns will work on live projects, receive mentorship, certificate, and PPO opportunity. Apply via official careers portal.",1,0,0,1,1,0,0,239
"Cybersecurity Internship at Flipkart in Bengaluru. Mode: On-site. Duration 6 months. Stipend ₹8000/month. Selected interns will work on live projects, receive mentorship, certificate, and PPO opportunity. Apply via official careers portal.",1,0,0,1,1,0,0,239
"DevOps Internship at Amazon India in Gurugram. Mode: Hybrid. Duration 3 months. Stipend ₹10000/month. Selected interns will work on live projects, receive mentorship, certificate, and PPO opportunity. Apply via official careers portal.",1,0,0,1,1,0,0,235
Online internship for students. Pay security deposit and start earning immediately. WhatsApp to join.,0,1,1,0,0,1,0,101
"Frontend Development Internship at Paytm in Hyderabad. Mode: On-site. Duration 3 months. Stipend ₹15000/month. Selected interns will work on live projects, receive mentorship, certificate, and PPO opportunity. Apply via official careers portal.",1,0,0,1,1,0,0,244
"Full Stack Development Internship at L&T in Pune. Mode: On-site. Duration 3 months. Stipend ₹10000/month. Selected interns will work on live projects, receive mentorship, certificate, and PPO opportunity. Apply via official careers portal.",1,0,0,1,1,0,0,239
"DevOps Internship at Microsoft India in Gurugram. Mode: Hybrid. Duration 3 months. Stipend ₹15000/month. Selected interns will work on live projects, receive mentorship, certificate, and PPO opportunity. Apply via official careers portal.",1,0,0,1,1,0,0,238
Urgent hiring for interns. Guaranteed income of ₹2000/day. Limited seats. Instant selection after payment.,0,1,0,0,1,1,1,106
"Software Development Internship at Myntra in Pune. Mode: Remote. Duration 4 months. Stipend ₹8000/month. Selected interns will work on live projects, receive mentorship, certificate, and PPO opportunity. Apply via official careers portal.",1,0,0,1,1,0,0,238
"Cybersecurity Internship at L&T in Gurugram. Mode: Hybrid. Duration 4 months. Stipend ₹10000/month. Selected interns will work on live projects, receive mentorship, certificate, and PPO opportunity. Apply via official careers portal.",1,0,0,1,1,0,0,233
"Frontend Development Internship at Flipkart in Pune. Mode: On-site. Duration 4 months. Stipend ₹20000/month. Selected interns will work on live projects, receive mentorship, certificate, and PPO opportunity. Apply via official careers portal.",1,0,0,1,1,0,0,242
"UI/UX Design Internship at Myntra in Hyderabad. Mode: Hybrid. Duration 2 months. Stipend ₹25000/month. Selected interns will work on live projects, receive mentorship, certificate, and PPO opportunity. Apply via official careers portal.",1,0,0,1,1,0,0,236
"Data Science Internship at Razorpay in Chennai. Mode: Remote. Duration 2 months. Stipend ₹30000/month. Selected interns will work on live projects, receive mentorship, certificate, and PPO opportunity. Apply via official careers portal.",1,0,0,1,1,0,0,236
"Data Science Internship at Zoho in Mumbai. Mode: Remote. Duration 4 months. Stipend ₹30000/month. Selected interns will work on live projects, receive mentorship, certificate, and PPO opportunity. Apply via official careers portal.",1,0,0,1,1,1,0,231
Part-time internship. No skills needed. Earn money daily. Fast-track joining after registration charge.,0,1,0,0,0,1,1,103
"Software Development Internship at HCLTech in Hyderabad. Mode: On-site. Duration 4 months. Stipend ₹25000/month. Selected interns will work on live projects, receive mentorship, certificate, and PPO opportunity. Apply via official careers portal.",1,0,0,1,1,0,0,246
Online internship for students. Pay security deposit and start earning immediately. WhatsApp to join.,0,0,1,0,1,0,1,101
"Mobile App Development Internship at Nykaa in Chennai. Mode: On-site. Duration 6 months. Stipend ₹12000/month. Selected interns will work on live projects, receive mentorship, certificate, and PPO opportunity. Apply via official careers portal.",1,0,0,1,1,0,0,244
"Frontend Development Internship at Microsoft India in Delhi. Mode: Remote. Duration 6 months. Stipend ₹30000/month. Selected interns will work on live projects, receive mentorship, certificate, and PPO opportunity. Apply via official careers portal.",1,0,0,1,1,0,0,249
"Cybersecurity Internship at HCLTech in Chennai. Mode: Remote. Duration 3 months. Stipend ₹15000/month. Selected interns will work on live projects, receive mentorship, certificate, and PPO opportunity. Apply via official careers portal.",1,0,0,1,1,0,0,236
"Business Analytics Internship at Deloitte India in Mumbai. Mode: Remote. Duration 2 months. Stipend ₹5000/month. Selected interns will work on live projects, receive mentorship, certificate, and PPO opportunity. Apply via official careers portal.",1,0,0,1,1,0,0,246
"Cybersecurity Internship at Razorpay in Pune. Mode: Hybrid. Duration 2 months. Stipend ₹25000/month. Selected interns will work on live projects, receive mentorship, certificate, and PPO opportunity. Apply via official careers portal.",1,0,0,1,1,0,0,234
"Backend Development Internship at Razorpay in Chennai. Mode: Hybrid. Duration 2 months. Stipend ₹12000/month. Selected interns will work on live projects, receive mentorship, certificate, and PPO opportunity. Apply via official careers portal.",1,0,0,1,1,0,0,243
Part-time internship. No skills needed. Earn money daily. Fast-track joining after registration charge.,0,0,1,0,0,1,0,103
Work from home internship. Earn ₹2000 daily. No interview. Apply on WhatsApp. Registration fee required.,0,0,0,0,1,1,0,104
"Full Stack Development Internship at Myntra in Hyderabad. Mode: Hybrid. Duration 2 months. Stipend ₹5000/month. Selected interns will work on live projects, receive mentorship, certificate, and PPO opportunity. Apply via official careers portal.",1,0,0,1,1,1,0,245
"DevOps Internship at Deloitte India in Noida. Mode: On-site. Duration 2 months. Stipend ₹30000/month. Selected interns will work on live projects, receive mentorship, certificate, and PPO opportunity. Apply via official careers portal.",1,0,0,1,1,0,0,235
"Mobile App Development Internship at Tech Mahindra in Mumbai. Mode: On-site. Duration 2 months. Stipend ₹8000/month. Selected interns will work on live projects, receive mentorship, certificate, and PPO opportunity. Apply via official careers portal.",1,0,0,1,1,0,0,250
"Cloud Computing Internship at Zoho in Delhi. Mode: On-site. Duration 3 months. Stipend ₹10000/month. Selected interns will work on live projects, receive mentorship, certificate, and PPO opportunity. Apply via official careers portal.",1,0,0,1,1,1,0,234
"Embedded Systems Internship at L&T in Pune. Mode: On-site. Duration 3 months. Stipend ₹25000/month. Selected interns will work on live projects, receive mentorship, certificate, and PPO opportunity. Apply via official careers portal.",1,0,0,1,1,0,0,233
Work from home internship. Earn ₹2000 daily. No interview. Apply on WhatsApp. Registration fee required.,0,1,1,0,1,1,0,104
Part-time internship. No skills needed. Earn money daily. Fast-track joining after registration charge.,0,1,1,0,0,1,1,103
Work from home internship. Earn ₹3000 daily. No interview. Apply on WhatsApp. Registration fee required.,0,1,0,0,1,1,1,104
"UI/UX Design Internship at TCS in Hyderabad. Mode: Remote. Duration 3 months. Stipend ₹15000/month. Selected interns will work on live projects, receive mentorship, certificate, and PPO opportunity. Apply via official careers portal.",1,0,0,1,1,0,0,233
"Backend Development Internship at L&T in Chennai. Mode: Remote. Duration 2 months. Stipend ₹12000/month. Selected interns will work on live projects, receive mentorship, certificate, and PPO opportunity. Apply via official careers portal.",1,0,0,1,1,1,0,238
"Cloud Computing Internship at Infosys in Chennai. Mode: Remote. Duration 4 months. Stipend ₹12000/month. Selected interns will work on live projects, receive mentorship, certificate, and PPO opportunity. Apply via official careers portal.",1,0,0,1,1,0,0,238
"Mobile App Development Internship at TCS in Noida. Mode: On-site. Duration 6 months. Stipend ₹10000/month. Selected interns will work on live projects, receive mentorship, certificate, and PPO opportunity. Apply via official careers portal.",1,0,0,1,1,0,0,240
"Cloud Computing Internship at Freshworks in Delhi. Mode: Remote. Duration 4 months. Stipend ₹5000/month. Selected interns will work on live projects, receive mentorship, certificate, and PPO opportunity. Apply via official careers portal.",1,0,0,1,1,0,0,238
Part-time internship. No skills needed. Earn money daily. Fast-track joining after registration charge.,0,1,0,0,1,1,0,103
"Cybersecurity Internship at Deloitte India in Delhi. Mode: Remote. Duration 4 months. Stipend ₹15000/month. Selected interns will work on live projects, receive mentorship, certificate, and PPO opportunity. Apply via official careers portal.",1,0,0,1,1,1,0,241
"QA Testing Internship at Google India in Bengaluru. Mode: Hybrid. Duration 6 months. Stipend ₹8000/month. Selected interns will work on live projects, receive mentorship, certificate, and PPO opportunity. Apply via official careers portal.",1,0,0,1,1,0,0,239
Part-time internship. No skills needed. Earn money daily. Fast-track joining after registration charge.,0,1,1,0,0,1,1,103
"Software Development Internship at Naukri in Noida. Mode: Remote. Duration 2 months. Stipend ₹8000/month. Selected interns will work on live projects, receive mentorship, certificate, and PPO opportunity. Apply via official careers portal.",1,0,0,1,1,0,0,239
"Digital Marketing Internship at Amazon India in Bengaluru. Mode: Remote. Duration 2 months. Stipend ₹25000/month. Selected interns will work on live projects, receive mentorship, certificate, and PPO opportunity. Apply via official careers portal.",1,0,0,1,1,0,0,247
Part-time internship. No skills needed. Earn money daily. Fast-track joining after registration charge.,0,1,1,0,0,1,1,103
"Embedded Systems Internship at CRED in Bengaluru. Mode: Remote. Duration 2 months. Stipend ₹20000/month. Selected interns will work on live projects, receive mentorship, certificate, and PPO opportunity. Apply via official careers portal.",1,0,0,1,1,0,0,238
"Backend Development Internship at Zoho in Bengaluru. Mode: On-site. Duration 6 months. Stipend ₹30000/month. Selected interns will work on live projects, receive mentorship, certificate, and PPO opportunity. Apply via official careers portal.",1,0,0,1,1,0,0,242
"Business Analytics Internship at Nykaa in Noida. Mode: Hybrid. Duration 2 months. Stipend ₹20000/month. Selected interns will work on live projects, receive mentorship, certificate, and PPO opportunity. Apply via official careers portal.",1,0,0,1,1,1,0,237
"QA Testing Internship at Infosys in Gurugram. Mode: Remote. Duration 3 months. Stipend ₹12000/month. Selected interns will work on live projects, receive mentorship, certificate, and PPO opportunity. Apply via official careers portal.",1,0,0,1,1,1,0,234
"Software Development Internship at Microsoft India in Noida. Mode: On-site. Duration 6 months. Stipend ₹5000/month. Selected interns will work on live projects, receive mentorship, certificate, and PPO opportunity. Apply via official careers portal.",1,0,0,1,1,1,0,249
"UI/UX Design Internship at Zoho in Hyderabad. Mode: Remote. Duration 4 months. Stipend ₹12000/month. Selected interns will work on live projects, receive mentorship, certificate, and PPO opportunity. Apply via official careers portal.",1,0,0,1,1,0,0,234
Online internship for students. Pay security deposit and start earning immediately. WhatsApp to join.,0,0,1,0,1,1,0,101
Urgent hiring for interns. Guaranteed income of ₹5000/day. Limited seats. Instant selection after payment.,0,1,1,0,1,1,0,106
Part-time internship. No skills needed. Earn money daily. Fast-track joining after registration charge.,0,1,1,0,1,1,1,103
"DevOps Internship at Razorpay in Mumbai. Mode: Remote. Duration 2 months. Stipend ₹15000/month. Selected interns will work on live projects, receive mentorship, certificate, and PPO opportunity. Apply via official careers portal.",1,0,0,1,1,0,0,229
"Backend Development Internship at Microsoft India in Noida. Mode: On-site. Duration 2 months. Stipend ₹5000/month. Selected interns will work on live projects, receive mentorship, certificate, and PPO opportunity. Apply via official careers portal.",1,0,0,1,1,0,0,248
"Machine Learning Internship at TCS in Pune. Mode: On-site. Duration 4 months. Stipend ₹8000/month. Selected interns will work on live projects, receive mentorship, certificate, and PPO opportunity. Apply via official careers portal.",1,0,0,1,1,0,0,232
"UI/UX Design Internship at Microsoft India in Pune. Mode: Remote. Duration 2 months. Stipend ₹8000/month. Selected interns will work on live projects, receive mentorship, certificate, and PPO opportunity. Apply via official careers portal.",1,0,0,1,1,0,0,239
"Machine Learning Internship at Wipro in Delhi. Mode: Remote. Duration 3 months. Stipend ₹8000/month. Selected interns will work on live projects, receive mentorship, certificate, and PPO opportunity. Apply via official careers portal.",1,0,0,1,1,0,0,234
"Embedded Systems Internship at Amazon India in Delhi. Mode: On-site. Duration 4 months. Stipend ₹8000/month. Selected interns will work on live projects, receive mentorship, certificate, and PPO opportunity. Apply via official careers portal.",1,0,0,1,1,1,0,242
Work from home internship. Earn ₹5000 daily. No interview. Apply on WhatsApp. Registration fee required.,0,0,1,0,1,0,1,104
"Digital Marketing Internship at Deloitte India in Mumbai. Mode: On-site. Duration 4 months. Stipend ₹25000/month. Selected interns will work on live projects, receive mentorship, certificate, and PPO opportunity. Apply via official careers portal.",1,0,0,1,1,0,0,247
Work from home internship. Earn ₹5000 daily. No interview. Apply on WhatsApp. Registration fee required.,0,1,0,0,1,0,1,104
Online internship for students. Pay security deposit and start earning immediately. WhatsApp to join.,0,0,0,0,0,1,1,101
"UI/UX Design Internship at Microsoft India in Mumbai. Mode: Hybrid. Duration 3 months. Stipend ₹15000/month. Selected interns will work on live projects, receive mentorship, certificate, and PPO opportunity. Apply via official careers portal.",1,0,0,1,1,0,0,242
"DevOps Internship at Infosys in Gurugram. Mode: On-site. Duration 4 months. Stipend ₹12000/month. Selected interns will work on live projects, receive mentorship, certificate, and PPO opportunity. Apply via official careers portal.",1,0,0,1,1,0,0,231
"Embedded Systems Internship at CRED in Chennai. Mode: Hybrid. Duration 2 months. Stipend ₹20000/month. Selected interns will work on live projects, receive mentorship, certificate, and PPO opportunity. Apply via official careers portal.",1,0,0,1,1,0,0,236
"Cloud Computing Internship at CRED in Mumbai. Mode: Remote. Duration 6 months. Stipend ₹5000/month. Selected interns will work on live projects, receive mentorship, certificate, and PPO opportunity. Apply via official careers portal.",1,0,0,1,1,0,0,233
Urgent hiring for interns. Guaranteed income of ₹1500/day. Limited seats. Instant selection after payment.,0,1,1,0,1,0,1,106
"UI/UX Design Internship at Paytm in Bengaluru. Mode: On-site. Duration 2 months. Stipend ₹15000/month. Selected interns will work on live projects, receive mentorship, certificate, and PPO opportunity. Apply via official careers portal.",1,0,0,1,1,0,0,236
"Backend Development Internship at Google India in Pune. Mode: On-site. Duration 4 months. Stipend ₹30000/month. Selected interns will work on live projects, receive mentorship, certificate, and PPO opportunity. Apply via official careers portal.",1,0,0,1,1,1,0,245
"Business Analytics Internship at Wipro in Bengaluru. Mode: On-site. Duration 6 months. Stipend ₹20000/month. Selected interns will work on live projects, receive mentorship, certificate, and PPO opportunity. Apply via official careers portal.",1,0,0,1,1,0,0,242
"Frontend Development Internship at Accenture in Mumbai. Mode: Remote. Duration 6 months. Stipend ₹12000/month. Selected interns will work on live projects, receive mentorship, certificate, and PPO opportunity. Apply via official careers portal.",1,0,0,1,1,0,0,244
"DevOps Internship at Deloitte India in Pune. Mode: On-site. Duration 4 months. Stipend ₹10000/month. Selected interns will work on live projects, receive mentorship, certificate, and PPO opportunity. Apply via official careers portal.",1,0,0,1,1,0,0,234
Urgent hiring for interns. Guaranteed income of ₹5000/day. Limited seats. Instant selection after payment.,0,1,1,0,1,1,0,106
"Digital Marketing Internship at Wipro in Mumbai. Mode: Hybrid. Duration 6 months. Stipend ₹25000/month. Selected interns will work on live projects, receive mentorship, certificate, and PPO opportunity. Apply via official careers portal.",1,0,0,1,1,1,0,237
"Embedded Systems Internship at CRED in Gurugram. Mode: Hybrid. Duration 2 months. Stipend ₹12000/month. Selected interns will work on live projects, receive mentorship, certificate, and PPO opportunity. Apply via official careers portal.",1,0,0,1,1,0,0,237
"Cloud Computing Internship at TCS in Mumbai. Mode: On-site. Duration 3 months. Stipend ₹20000/month. Selected interns will work on live projects, receive mentorship, certificate, and PPO opportunity. Apply via official careers portal.",1,0,0,1,1,0,0,234
"QA Testing Internship at Razorpay in Delhi. Mode: Hybrid. Duration 3 months. Stipend ₹12000/month. Selected interns will work on live projects, receive mentorship, certificate, and PPO opportunity. Apply via official careers portal.",1,0,0,1,1,1,0,232
"QA Testing Internship at Wipro in Hyderabad. Mode: On-site. Duration 6 months. Stipend ₹8000/month. Selected interns will work on live projects, receive mentorship, certificate, and PPO opportunity. Apply via official careers portal.",1,0,0,1,1,0,0,233
"Machine Learning Internship at Tech Mahindra in Bengaluru. Mode: On-site. Duration 3 months. Stipend ₹25000/month. Selected interns will work on live projects, receive mentorship, certificate, and PPO opportunity. Apply via official careers portal.",1,0,0,1,1,1,0,248
Online internship for students. Pay security deposit and start earning immediately. WhatsApp to join.,0,1,0,0,1,1,0,101
Urgent hiring for interns. Guaranteed income of ₹5000/day. Limited seats. Instant selection after payment.,0,1,1,0,0,1,1,106
Part-time internship. No skills needed. Earn money daily. Fast-track joining after registration charge.,0,0,0,0,0,1,0,103
"Digital Marketing Internship at Razorpay in Delhi. Mode: On-site. Duration 6 months. Stipend ₹20000/month. Selected interns will work on live projects, receive mentorship, certificate, and PPO opportunity. Apply via official careers portal.",1,0,0,1,1,0,0,240
Urgent hiring for interns. Guaranteed income of ₹3000/day. Limited seats. Instant selection after payment.,0,1,1,0,0,1,1,106
"QA Testing Internship at Accenture in Mumbai. Mode: Remote. Duration 4 months. Stipend ₹8000/month. Selected interns will work on live projects, receive mentorship, certificate, and PPO opportunity. Apply via official careers portal.",1,0,0,1,1,1,0,233
Online internship for students. Pay security deposit and start earning immediately. WhatsApp to join.,0,1,1,0,0,0,0,101
"Cloud Computing Internship at Google India in Mumbai. Mode: On-site. Duration 2 months. Stipend ₹15000/month. Selected interns will work on live projects, receive mentorship, certificate, and PPO opportunity. Apply via official careers portal.",1,0,0,1,1,0,0,243
Work from home internship. Earn ₹1500 daily. No interview. Apply on WhatsApp. Registration fee required.,0,1,1,0,0,0,0,104
"UI/UX Design Internship at HCLTech in Gurugram. Mode: On-site. Duration 4 months. Stipend ₹15000/month. Selected interns will work on live projects, receive mentorship, certificate, and PPO opportunity. Apply via official careers portal.",1,0,0,1,1,1,0,237
Online internship for students. Pay security deposit and start earning immediately. WhatsApp to join.,0,1,1,0,0,1,0,101
"Backend Development Internship at TCS in Pune. Mode: On-site. Duration 6 months. Stipend ₹8000/month. Selected interns will work on live projects, receive mentorship, certificate, and PPO opportunity. Apply via official careers portal.",1,0,0,1,1,0,0,235
"Digital Marketing Internship at Zoho in Noida. Mode: Hybrid. Duration 2 months. Stipend ₹25000/month. Selected interns will work on live projects, receive mentorship, certificate, and PPO opportunity. Apply via official careers portal.",1,0,0,1,1,1,0,235
"Backend Development Internship at Naukri in Gurugram. Mode: Hybrid. Duration 4 months. Stipend ₹12000/month. Selected interns will work on live projects, receive mentorship, certificate, and PPO opportunity. Apply via official careers portal.",1,0,0,1,1,0,0,242
"UI/UX Design Internship at Amazon India in Mumbai. Mode: On-site. Duration 2 months. Stipend ₹8000/month. Selected interns will work on live projects, receive mentorship, certificate, and PPO opportunity. Apply via official careers portal.",1,0,0,1,1,1,0,239
Work from home internship. Earn ₹2000 daily. No interview. Apply on WhatsApp. Registration fee required.,0,1,1,0,0,1,1,104
Urgent hiring for interns. Guaranteed income of ₹3000/day. Limited seats. Instant selection after payment.,0,1,1,0,1,0,1,106
"Machine Learning Internship at Naukri in Pune. Mode: Remote. Duration 3 months. Stipend ₹12000/month. Selected interns will work on live projects, receive mentorship, certificate, and PPO opportunity. Apply via official careers portal.",1,0,0,1,1,0,0,235
Urgent hiring for interns. Guaranteed income of ₹3000/day. Limited seats. Instant selection after payment.,0,1,0,0,0,1,1,106
"Cloud Computing Internship at Google India in Gurugram. Mode: Hybrid. Duration 4 months. Stipend ₹20000/month. Selected interns will work on live projects, receive mentorship, certificate, and PPO opportunity. Apply via official careers portal.",1,0,0,1,1,0,0,244
"UI/UX Design Internship at TCS in Bengaluru. Mode: On-site. Duration 2 months. Stipend ₹10000/month. Selected interns will work on live projects, receive mentorship, certificate, and PPO opportunity. Apply via official careers portal.",1,0,0,1,1,0,0,234
Urgent hiring for interns. Guaranteed income of ₹3000/day. Limited seats. Instant selection after payment.,0,0,0,0,1,1,1,106
Part-time internship. No skills needed. Earn money daily. Fast-track joining after registration charge.,0,1,0,0,1,0,1,103
"Embedded Systems Internship at Microsoft India in Hyderabad. Mode: Remote. Duration 4 months. Stipend ₹8000/month. Selected interns will work on live projects, receive mentorship, certificate, and PPO opportunity. Apply via official careers portal.",1,0,0,1,1,0,0,248
"Business Analytics Internship at Razorpay in Bengaluru. Mode: Remote. Duration 2 months. Stipend ₹5000/month. Selected interns will work on live projects, receive mentorship, certificate, and PPO opportunity. Apply via official careers portal.",1,0,0,1,1,0,0,243
Part-time internship. No skills needed. Earn money daily. Fast-track joining after registration charge.,0,1,1,0,0,0,0,103
"Digital Marketing Internship at Accenture in Hyderabad. Mode: Hybrid. Duration 2 months. Stipend ₹20000/month. Selected interns will work on live projects, receive mentorship, certificate, and PPO opportunity. Apply via official careers portal.",1,0,0,1,1,0,0,244
Urgent hiring for interns. Guaranteed income of ₹5000/day. Limited seats. Instant selection after payment.,0,1,1,0,1,0,1,106
"DevOps Internship at Wipro in Delhi. Mode: Hybrid. Duration 2 months. Stipend ₹8000/month. Selected interns will work on live projects, receive mentorship, certificate, and PPO opportunity. Apply via official careers portal.",1,0,0,1,1,0,0,224
"Mobile App Development Internship at HCLTech in Delhi. Mode: Remote. Duration 3 months. Stipend ₹10000/month. Selected interns will work on live projects, receive mentorship, certificate, and PPO opportunity. Apply via official careers portal.",1,0,0,1,1,0,0,243
"Data Science Internship at Deloitte India in Bengaluru. Mode: Remote. Duration 4 months. Stipend ₹5000/month. Selected interns will work on live projects, receive mentorship, certificate, and PPO opportunity. Apply via official careers portal.",1,0,0,1,1,1,0,243
Part-time internship. No skills needed. Earn money daily. Fast-track joining after registration charge.,0,1,1,0,0,1,1,103
"Backend Development Internship at CRED in Mumbai. Mode: Remote. Duration 6 months. Stipend ₹10000/month. Selected interns will work on live projects, receive mentorship, certificate, and PPO opportunity. Apply via official careers portal.",1,0,0,1,1,0,0,238
"Embedded Systems Internship at Razorpay in Delhi. Mode: On-site. Duration 6 months. Stipend ₹5000/month. Selected interns will work on live projects, receive mentorship, certificate, and PPO opportunity. Apply via official careers portal.",1,0,0,1,1,0,0,238
Work from home internship. Earn ₹1500 daily. No interview. Apply on WhatsApp. Registration fee required.,0,1,0,0,0,1,1,104
Work from home internship. Earn ₹3000 daily. No interview. Apply on WhatsApp. Registration fee required.,0,1,1,0,1,1,1,104
Work from home internship. Earn ₹2000 daily. No interview. Apply on WhatsApp. Registration fee required.,0,0,1,0,1,1,1,104
Part-time internship. No skills needed. Earn money daily. Fast-track joining after registration charge.,0,1,1,0,1,1,1,103
"DevOps Internship at Paytm in Mumbai. Mode: Remote. Duration 4 months. Stipend ₹8000/month. Selected interns will work on live projects, receive mentorship, certificate, and PPO opportunity. Apply via official careers portal.",1,0,0,1,1,1,0,225
Part-time internship. No skills needed. Earn money daily. Fast-track joining after registration charge.,0,1,1,0,1,1,0,103
Work from home internship. Earn ₹5000 daily. No interview. Apply on WhatsApp. Registration fee required.,0,0,1,0,1,1,0,104
"Embedded Systems Internship at Wipro in Hyderabad. Mode: On-site. Duration 4 months. Stipend ₹30000/month. Selected interns will work on live projects, receive mentorship, certificate, and PPO opportunity. Apply via official careers portal.",1,0,0,1,1,0,0,240
Urgent hiring for interns. Guaranteed income of ₹5000/day. Limited seats. Instant selection after payment.,0,0,1,0,0,0,0,106
Urgent hiring for interns. Guaranteed income of ₹3000/day. Limited seats. Instant selection after payment.,0,1,1,0,0,1,1,106
"Cybersecurity Internship at Razorpay in Gurugram. Mode: Remote. Duration 4 months. Stipend ₹25000/month. Selected interns will work on live projects, receive mentorship, certificate, and PPO opportunity. Apply via official careers portal.",1,0,0,1,1,0,0,238
Online internship for students. Pay security deposit and start earning immediately. WhatsApp to join.,0,1,1,0,0,1,1,101
"Full Stack Development Internship at Google India in Noida. Mode: On-site. Duration 3 months. Stipend ₹25000/month. Selected interns will work on live projects, receive mentorship, certificate, and PPO opportunity. Apply via official careers portal.",1,0,0,1,1,0,0,249
Urgent hiring for interns. Guaranteed income of ₹500/day. Limited seats. Instant selection after payment.,0,0,1,0,0,1,0,105
"Backend Development Internship at Naukri in Bengaluru. Mode: Remote. Duration 4 months. Stipend ₹10000/month. Selected interns will work on live projects, receive mentorship, certificate, and PPO opportunity. Apply via official careers portal.",1,0,0,1,1,0,0,243
Work from home internship. Earn ₹1500 daily. No interview. Apply on WhatsApp. Registration fee required.,0,0,1,0,1,0,0,104
Part-time internship. No skills needed. Earn money daily. Fast-track joining after registration charge.,0,1,0,0,0,1,1,103
Online internship for students. Pay security deposit and start earning immediately. WhatsApp to join.,0,1,1,0,1,1,1,101
"Cloud Computing Internship at Naukri in Mumbai. Mode: On-site. Duration 6 months. Stipend ₹15000/month. Selected interns will work on live projects, receive mentorship, certificate, and PPO opportunity. Apply via official careers portal.",1,0,0,1,1,0,0,237
"Cloud Computing Internship at Microsoft India in Pune. Mode: Remote. Duration 6 months. Stipend ₹8000/month. Selected interns will work on live projects, receive mentorship, certificate, and PPO opportunity. Apply via official careers portal.",1,0,0,1,1,1,0,242
"Mobile App Development Internship at Deloitte India in Mumbai. Mode: Hybrid. Duration 3 months. Stipend ₹12000/month. Selected interns will work on live projects, receive mentorship, certificate, and PPO opportunity. Apply via official careers portal.",1,0,0,1,1,0,0,251
"Embedded Systems Internship at Freshworks in Delhi. Mode: Remote. Duration 2 months. Stipend ₹10000/month. Selected interns will work on live projects, receive mentorship, certificate, and PPO opportunity. Apply via official careers portal.",1,0,0,1,1,0,0,240
"Full Stack Development Internship at Google India in Pune. Mode: On-site. Duration 6 months. Stipend ₹20000/month. Selected interns will work on live projects, receive mentorship, certificate, and PPO opportunity. Apply via official careers portal.",1,0,0,1,1,0,0,248
"Business Analytics Internship at Infosys in Hyderabad. Mode: Remote. Duration 6 months. Stipend ₹20000/month. Selected interns will work on live projects, receive mentorship, certificate, and PPO opportunity. Apply via official careers portal.",1,0,0,1,1,1,0,243
Work from home internship. Earn ₹3000 daily. No interview. Apply on WhatsApp. Registration fee required.,0,1,1,0,0,1,1,104
"Digital Marketing Internship at Naukri in Delhi. Mode: Remote. Duration 4 months. Stipend ₹5000/month. Selected interns will work on live projects, receive mentorship, certificate, and PPO opportunity. Apply via official careers portal.",1,0,0,1,1,1,0,236
Online internship for students. Pay security deposit and start earning immediately. WhatsApp to join.,0,1,1,0,0,0,1,101
"Digital Marketing Internship at Infosys in Hyderabad. Mode: On-site. Duration 3 months. Stipend ₹30000/month. Selected interns will work on live projects, receive mentorship, certificate, and PPO opportunity. Apply via official careers portal.",1,0,0,1,1,1,0,243
"Business Analytics Internship at TCS in Noida. Mode: Remote. Duration 4 months. Stipend ₹15000/month. Selected interns will work on live projects, receive mentorship, certificate, and PPO opportunity. Apply via official careers portal.",1,0,0,1,1,0,0,235
"Digital Marketing Internship at HCLTech in Delhi. Mode: Remote. Duration 6 months. Stipend ₹10000/month. Selected interns will work on live projects, receive mentorship, certificate, and PPO opportunity. Apply via official careers portal.",1,0,0,1,1,0,0,238
"Frontend Development Internship at Freshworks in Mumbai. Mode: On-site. Duration 3 months. Stipend ₹8000/month. Selected interns will work on live projects, receive mentorship, certificate, and PPO opportunity. Apply via official careers portal.",1,0,0,1,1,0,0,245
"Cloud Computing Internship at Google India in Pune. Mode: Hybrid. Duration 3 months. Stipend ₹30000/month. Selected interns will work on live projects, receive mentorship, certificate, and PPO opportunity. Apply via official careers portal.",1,0,0,1,1,0,0,240
Urgent hiring for interns. Guaranteed income of ₹2000/day. Limited seats. Instant selection after payment.,0,0,1,0,0,1,0,106
"Data Science Internship at Myntra in Mumbai. Mode: On-site. Duration 2 months. Stipend ₹8000/month. Selected interns will work on live projects, receive mentorship, certificate, and PPO opportunity. Apply via official careers portal.",1,0,0,1,1,1,0,233
"Mobile App Development Internship at Naukri in Hyderabad. Mode: Hybrid. Duration 3 months. Stipend ₹25000/month. Selected interns will work on live projects, receive mentorship, certificate, and PPO opportunity. Apply via official careers portal.",1,0,0,1,1,0,0,246
Urgent hiring for interns. Guaranteed income of ₹2000/day. Limited seats. Instant selection after payment.,0,1,1,0,1,0,0,106
Work from home internship. Earn ₹2000 daily. No interview. Apply on WhatsApp. Registration fee required.,0,1,1,0,0,0,1,104
"QA Testing Internship at HCLTech in Noida. Mode: On-site. Duration 4 months. Stipend ₹30000/month. Selected interns will work on live projects, receive mentorship, certificate, and PPO opportunity. Apply via official careers portal.",1,0,0,1,1,0,0,232
Part-time internship. No skills needed. Earn money daily. Fast-track joining after registration charge.,0,1,1,0,1,0,1,103
"Cybersecurity Internship at Google India in Gurugram. Mode: Hybrid. Duration 3 months. Stipend ₹12000/month. Selected interns will work on live projects, receive mentorship, certificate, and PPO opportunity. Apply via official careers portal.",1,0,0,1,1,0,0,242
"Frontend Development Internship at L&T in Delhi. Mode: On-site. Duration 4 months. Stipend ₹8000/month. Selected interns will work on live projects, receive mentorship, certificate, and PPO opportunity. Apply via official careers portal.",1,0,0,1,1,0,0,237
"Digital Marketing Internship at Razorpay in Noida. Mode: Hybrid. Duration 4 months. Stipend ₹8000/month. Selected interns will work on live projects, receive mentorship, certificate, and PPO opportunity. Apply via official careers portal.",1,0,0,1,1,1,0,238
"Frontend Development Internship at HCLTech in Bengaluru. Mode: On-site. Duration 3 months. Stipend ₹30000/month. Selected interns will work on live projects, receive mentorship, certificate, and PPO opportunity. Apply via official careers portal.",1,0,0,1,1,1,0,246
"Mobile App Development Internship at Wipro in Chennai. Mode: Hybrid. Duration 2 months. Stipend ₹10000/month. Selected interns will work on live projects, receive mentorship, certificate, and PPO opportunity. Apply via official careers portal.",1,0,0,1,1,0,0,243
Online internship for students. Pay security deposit and start earning immediately. WhatsApp to join.,0,1,1,0,1,1,0,101
"Machine Learning Internship at TCS in Bengaluru. Mode: Hybrid. Duration 3 months. Stipend ₹10000/month. Selected interns will work on live projects, receive mentorship, certificate, and PPO opportunity. Apply via official careers portal.",1,0,0,1,1,0,0,237
"Digital Marketing Internship at Accenture in Hyderabad. Mode: Hybrid. Duration 2 months. Stipend ₹8000/month. Selected interns will work on live projects, receive mentorship, certificate, and PPO opportunity. Apply via official careers portal.",1,0,0,1,1,0,0,243
Work from home internship. Earn ₹2000 daily. No interview. Apply on WhatsApp. Registration fee required.,0,0,1,0,0,1,1,104
Urgent hiring for interns. Guaranteed income of ₹3000/day. Limited seats. Instant selection after payment.,0,0,0,0,1,1,0,106
"Cloud Computing Internship at Naukri in Delhi. Mode: Remote. Duration 3 months. Stipend ₹10000/month. Selected interns will work on live projects, receive mentorship, certificate, and PPO opportunity. Apply via official careers portal.",1,0,0,1,1,1,0,235
"Business Analytics Internship at TCS in Mumbai. Mode: Remote. Duration 6 months. Stipend ₹20000/month. Selected interns will work on live projects, receive mentorship, certificate, and PPO opportunity. Apply via official careers portal.",1,0,0,1,1,0,0,236
"Data Science Internship at CRED in Hyderabad. Mode: On-site. Duration 4 months. Stipend ₹30000/month. Selected interns will work on live projects, receive mentorship, certificate, and PPO opportunity. Apply via official careers portal.",1,0,0,1,1,0,0,235
"QA Testing Internship at Microsoft India in Hyderabad. Mode: Remote. Duration 3 months. Stipend ₹25000/month. Selected interns will work on live projects, receive mentorship, certificate, and PPO opportunity. Apply via official careers portal.",1,0,0,1,1,0,0,243
"Backend Development Internship at Infosys in Bengaluru. Mode: Remote. Duration 6 months. Stipend ₹15000/month. Selected interns will work on live projects, receive mentorship, certificate, and PPO opportunity. Apply via official careers portal.",1,0,0,1,1,0,0,244
Work from home internship. Earn ₹3000 daily. No interview. Apply on WhatsApp. Registration fee required.,0,1,1,0,1,0,0,104
"UI/UX Design Internship at Google India in Gurugram. Mode: Hybrid. Duration 3 months. Stipend ₹20000/month. Selected interns will work on live projects, receive mentorship, certificate, and PPO opportunity. Apply via official careers portal.",1,0,0,1,1,0,0,241
Urgent hiring for interns. Guaranteed income of ₹3000/day. Limited seats. Instant selection after payment.,0,0,1,0,0,1,0,106
"DevOps Internship at Wipro in Gurugram. Mode: Hybrid. Duration 4 months. Stipend ₹10000/month. Selected interns will work on live projects, receive mentorship, certificate, and PPO opportunity. Apply via official careers portal.",1,0,0,1,1,0,0,228
Urgent hiring for interns. Guaranteed income of ₹3000/day. Limited seats. Instant selection after payment.,0,1,1,0,0,1,1,106
"Mobile App Development Internship at Accenture in Chennai. Mode: On-site. Duration 3 months. Stipend ₹20000/month. Selected interns will work on live projects, receive mentorship, certificate, and PPO opportunity. Apply via official careers portal.",1,0,0,1,1,0,0,248
"Machine Learning Internship at Naukri in Delhi. Mode: On-site. Duration 4 months. Stipend ₹25000/month. Selected interns will work on live projects, receive mentorship, certificate, and PPO opportunity. Apply via official careers portal.",1,0,0,1,1,0,0,237
"Cloud Computing Internship at Paytm in Bengaluru. Mode: On-site. Duration 6 months. Stipend ₹15000/month. Selected interns will work on live projects, receive mentorship, certificate, and PPO opportunity. Apply via official careers portal.",1,0,0,1,1,0,0,239
Urgent hiring for interns. Guaranteed income of ₹1500/day. Limited seats. Instant selection after payment.,0,1,1,0,0,0,1,106
Work from home internship. Earn ₹500 daily. No interview. Apply on WhatsApp. Registration fee required.,0,1,1,0,0,0,0,103
Part-time internship. No skills needed. Earn money daily. Fast-track joining after registration charge.,0,1,1,0,0,1,1,103
"Machine Learning Internship at Infosys in Chennai. Mode: On-site. Duration 6 months. Stipend ₹10000/month. Selected interns will work on live projects, receive mentorship, certificate, and PPO opportunity. Apply via official careers portal.",1,0,0,1,1,0,0,240
"Cloud Computing Internship at Google India in Delhi. Mode: On-site. Duration 4 months. Stipend ₹30000/month. Selected interns will work on live projects, receive mentorship, certificate, and PPO opportunity. Apply via official careers portal.",1,0,0,1,1,1,0,242
"Frontend Development Internship at CRED in Mumbai. Mode: On-site. Duration 4 months. Stipend ₹25000/month. Selected interns will work on live projects, receive mentorship, certificate, and PPO opportunity. Apply via official careers portal.",1,0,0,1,1,0,0,240
"Cybersecurity Internship at Wipro in Pune. Mode: Remote. Duration 4 months. Stipend ₹8000/month. Selected interns will work on live projects, receive mentorship, certificate, and PPO opportunity. Apply via official careers portal.",1,0,0,1,1,1,0,230
"Embedded Systems Internship at CRED in Delhi. Mode: Remote. Duration 4 months. Stipend ₹5000/month. Selected interns will work on live projects, receive mentorship, certificate, and PPO opportunity. Apply via official careers portal.",1,0,0,1,1,0,0,233
"QA Testing Internship at Zoho in Delhi. Mode: Hybrid. Duration 6 months. Stipend ₹30000/month. Selected interns will work on live projects, receive mentorship, certificate, and PPO opportunity. Apply via official careers portal.",1,0,0,1,1,1,0,228
Work from home internship. Earn ₹500 daily. No interview. Apply on WhatsApp. Registration fee required.,0,0,1,0,0,1,1,103
"Cybersecurity Internship at Paytm in Mumbai. Mode: On-site. Duration 3 months. Stipend ₹10000/month. Selected interns will work on live projects, receive mentorship, certificate, and PPO opportunity. Apply via official careers portal.",1,0,0,1,1,0,0,234
"Full Stack Development Internship at Myntra in Noida. Mode: On-site. Duration 3 months. Stipend ₹12000/month. Selected interns will work on live projects, receive mentorship, certificate, and PPO opportunity. Apply via official careers portal.",1,0,0,1,1,1,0,243
Online internship for students. Pay security deposit and start earning immediately. WhatsApp to join.,0,0,1,0,0,1,0,101
"Cybersecurity Internship at Infosys in Gurugram. Mode: On-site. Duration 2 months. Stipend ₹20000/month. Selected interns will work on live projects, receive mentorship, certificate, and PPO opportunity. Apply via official careers portal.",1,0,0,1,1,1,0,238
"Data Science Internship at Flipkart in Gurugram. Mode: Remote. Duration 3 months. Stipend ₹5000/month. Selected interns will work on live projects, receive mentorship, certificate, and PPO opportunity. Apply via official careers portal.",1,0,0,1,1,0,0,236
"DevOps Internship at Nykaa in Delhi. Mode: Remote. Duration 2 months. Stipend ₹25000/month. Selected interns will work on live projects, receive mentorship, certificate, and PPO opportunity. Apply via official careers portal.",1,0,0,1,1,0,0,225
"UI/UX Design Internship at Myntra in Mumbai. Mode: Remote. Duration 6 months. Stipend ₹12000/month. Selected interns will work on live projects, receive mentorship, certificate, and PPO opportunity. Apply via official careers portal.",1,0,0,1,1,0,0,233
"Business Analytics Internship at Zoho in Mumbai. Mode: Hybrid. Duration 2 months. Stipend ₹10000/month. Selected interns will work on live projects, receive mentorship, certificate, and PPO opportunity. Apply via official careers portal.",1,0,0,1,1,0,0,237
"Machine Learning Internship at Amazon India in Delhi. Mode: Hybrid. Duration 6 months. Stipend ₹20000/month. Selected interns will work on live projects, receive mentorship, certificate, and PPO opportunity. Apply via official careers portal.",1,0,0,1,1,0,0,242
"Business Analytics Internship at Microsoft India in Chennai. Mode: Remote. Duration 3 months. Stipend ₹30000/month. Selected interns will work on live projects, receive mentorship, certificate, and PPO opportunity. Apply via official careers portal.",1,0,0,1,1,0,0,249
"Mobile App Development Internship at Myntra in Delhi. Mode: Remote. Duration 3 months. Stipend ₹12000/month. Selected interns will work on live projects, receive mentorship, certificate, and PPO opportunity. Apply via official careers portal.",1,0,0,1,1,0,0,242
"Cybersecurity Internship at Deloitte India in Noida. Mode: Hybrid. Duration 4 months. Stipend ₹10000/month. Selected interns will work on live projects, receive mentorship, certificate, and PPO opportunity. Apply via official careers portal.",1,0,0,1,1,0,0,241
"Machine Learning Internship at L&T in Pune. Mode: Remote. Duration 4 months. Stipend ₹20000/month. Selected interns will work on live projects, receive mentorship, certificate, and PPO opportunity. Apply via official careers portal.",1,0,0,1,1,0,0,232
"QA Testing Internship at Tech Mahindra in Pune. Mode: On-site. Duration 3 months. Stipend ₹10000/month. Selected interns will work on live projects, receive mentorship, certificate, and PPO opportunity. Apply via official careers portal.",1,0,0,1,1,0,0,237
Online internship for students. Pay security deposit and start earning immediately. WhatsApp to join.,0,0,0,0,0,1,1,101
Urgent hiring for interns. Guaranteed income of ₹1000/day. Limited seats. Instant selection after payment.,0,1,1,0,0,1,1,106
Online internship for students. Pay security deposit and start earning immediately. WhatsApp to join.,0,1,1,0,1,1,1,101
Part-time internship. No skills needed. Earn money daily. Fast-track joining after registration charge.,0,0,1,0,0,1,1,103
Urgent hiring for interns. Guaranteed income of ₹500/day. Limited seats. Instant selection after payment.,0,1,1,0,1,1,0,105
"UI/UX Design Internship at L&T in Hyderabad. Mode: Hybrid. Duration 3 months. Stipend ₹8000/month. Selected interns will work on live projects, receive mentorship, certificate, and PPO opportunity. Apply via official careers portal.",1,0,0,1,1,0,0,232
"Cloud Computing Internship at Google India in Hyderabad. Mode: Hybrid. Duration 3 months. Stipend ₹8000/month. Selected interns will work on live projects, receive mentorship, certificate, and PPO opportunity. Apply via official careers portal.",1,0,0,1,1,0,0,244
"UI/UX Design Internship at Nykaa in Noida. Mode: Hybrid. Duration 3 months. Stipend ₹25000/month. Selected interns will work on live projects, receive mentorship, certificate, and PPO opportunity. Apply via official careers portal.",1,0,0,1,1,0,0,231
Work from home internship. Earn ₹1000 daily. No interview. Apply on WhatsApp. Registration fee required.,0,0,1,0,1,1,1,104
Work from home internship. Earn ₹3000 daily. No interview. Apply on WhatsApp. Registration fee required.,0,1,1,0,1,0,0,104
Online internship for students. Pay security deposit and start earning immediately. WhatsApp to join.,0,1,1,0,0,0,0,101
Urgent hiring for interns. Guaranteed income of ₹500/day. Limited seats. Instant selection after payment.,0,1,0,0,1,1,0,105
"Business Analytics Internship at Nykaa in Pune. Mode: On-site. Duration 3 months. Stipend ₹10000/month. Selected interns will work on live projects, receive mentorship, certificate, and PPO opportunity. Apply via official careers portal.",1,0,0,1,1,0,0,237
"Mobile App Development Internship at Deloitte India in Mumbai. Mode: On-site. Duration 3 months. Stipend ₹30000/month. Selected interns will work on live projects, receive mentorship, certificate, and PPO opportunity. Apply via official careers portal.",1,0,0,1,1,0,0,252
Work from home internship. Earn ₹5000 daily. No interview. Apply on WhatsApp. Registration fee required.,0,1,1,0,0,1,1,104
Part-time internship. No skills needed. Earn money daily. Fast-track joining after registration charge.,0,1,1,0,1,1,0,103
Part-time internship. No skills needed. Earn money daily. Fast-track joining after registration charge.,0,1,0,0,0,0,1,103
Urgent hiring for interns. Guaranteed income of ₹3000/day. Limited seats. Instant selection after payment.,0,0,0,0,0,0,0,106
"Backend Development Internship at CRED in Hyderabad. Mode: Hybrid. Duration 4 months. Stipend ₹30000/month. Selected interns will work on live projects, receive mentorship, certificate, and PPO opportunity. Apply via official careers portal.",1,0,0,1,1,1,0,241
Online internship for students. Pay security deposit and start earning immediately. WhatsApp to join.,0,0,1,0,1,0,1,101
Online internship for students. Pay security deposit and start earning immediately. WhatsApp to join.,0,0,0,0,1,0,1,101
"Machine Learning Internship at Razorpay in Delhi. Mode: On-site. Duration 3 months. Stipend ₹5000/month. Selected interns will work on live projects, receive mentorship, certificate, and PPO opportunity. Apply via official careers portal.",1,0,0,1,1,1,0,238
Online internship for students. Pay security deposit and start earning immediately. WhatsApp to join.,0,0,1,0,1,1,0,101
"Backend Development Internship at Nykaa in Gurugram. Mode: Remote. Duration 6 months. Stipend ₹15000/month. Selected interns will work on live projects, receive mentorship, certificate, and PPO opportunity. Apply via official careers portal.",1,0,0,1,1,1,0,241
"QA Testing Internship at Infosys in Hyderabad. Mode: On-site. Duration 2 months. Stipend ₹15000/month. Selected interns will work on live projects, receive mentorship, certificate, and PPO opportunity. Apply via official careers portal.",1,0,0,1,1,0,0,236
Part-time internship. No skills needed. Earn money daily. Fast-track joining after registration charge.,0,1,1,0,1,1,1,103
"Machine Learning Internship at Google India in Pune. Mode: Hybrid. Duration 4 months. Stipend ₹8000/month. Selected interns will work on live projects, receive mentorship, certificate, and PPO opportunity. Apply via official careers portal.",1,0,0,1,1,0,0,240
"Embedded Systems Internship at Wipro in Chennai. Mode: Remote. Duration 4 months. Stipend ₹20000/month. Selected interns will work on live projects, receive mentorship, certificate, and PPO opportunity. Apply via official careers portal.",1,0,0,1,1,0,0,237
"Business Analytics Internship at HCLTech in Chennai. Mode: On-site. Duration 3 months. Stipend ₹15000/month. Selected interns will work on live projects, receive mentorship, certificate, and PPO opportunity. Apply via official careers portal.",1,0,0,1,1,0,0,242
"Digital Marketing Internship at Amazon India in Bengaluru. Mode: Hybrid. Duration 2 months. Stipend ₹30000/month. Selected interns will work on live projects, receive mentorship, certificate, and PPO opportunity. Apply via official careers portal.",1,0,0,1,1,0,0,247
"Machine Learning Internship at CRED in Chennai. Mode: Remote. Duration 4 months. Stipend ₹8000/month. Selected interns will work on live projects, receive mentorship, certificate, and PPO opportunity. Apply via official careers portal.",1,0,0,1,1,0,0,235
Online internship for students. Pay security deposit and start earning immediately. WhatsApp to join.,0,0,1,0,0,0,1,101
"Software Development Internship at Wipro in Pune. Mode: Hybrid. Duration 3 months. Stipend ₹8000/month. Selected interns will work on live projects, receive mentorship, certificate, and PPO opportunity. Apply via official careers portal.",1,0,0,1,1,0,0,237
"Machine Learning Internship at Freshworks in Noida. Mode: Remote. Duration 4 months. Stipend ₹5000/month. Selected interns will work on live projects, receive mentorship, certificate, and PPO opportunity. Apply via official careers portal.",1,0,0,1,1,1,0,239
"Cybersecurity Internship at Wipro in Chennai. Mode: Remote. Duration 3 months. Stipend ₹25000/month. Selected interns will work on live projects, receive mentorship, certificate, and PPO opportunity. Apply via official careers portal.",1,0,0,1,1,0,0,234
Online internship for students. Pay security deposit and start earning immediately. WhatsApp to join.,0,1,0,0,1,0,0,101
Work from home internship. Earn ₹1500 daily. No interview. Apply on WhatsApp. Registration fee required.,0,1,1,0,1,0,1,104
"Cybersecurity Internship at Accenture in Gurugram. Mode: Hybrid. Duration 2 months. Stipend ₹8000/month. Selected interns will work on live projects, receive mentorship, certificate, and PPO opportunity. Apply via official careers portal.",1,0,0,1,1,0,0,238
Urgent hiring for interns. Guaranteed income of ₹1500/day. Limited seats. Instant selection after payment.,0,1,1,0,1,0,1,106
"Business Analytics Internship at Zoho in Bengaluru. Mode: On-site. Duration 4 months. Stipend ₹12000/month. Selected interns will work on live projects, receive mentorship, certificate, and PPO opportunity. Apply via official careers portal.",1,0,0,1,1,0,0,241
"UI/UX Design Internship at Myntra in Hyderabad. Mode: On-site. Duration 2 months. Stipend ₹5000/month. Selected interns will work on live projects, receive mentorship, certificate, and PPO opportunity. Apply via official careers portal.",1,0,0,1,1,0,0,236
"UI/UX Design Internship at Nykaa in Delhi. Mode: Hybrid. Duration 4 months. Stipend ₹30000/month. Selected interns will work on live projects, receive mentorship, certificate, and PPO opportunity. Apply via official careers portal.",1,0,0,1,1,0,0,231
"Backend Development Internship at TCS in Gurugram. Mode: Remote. Duration 4 months. Stipend ₹20000/month. Selected interns will work on live projects, receive mentorship, certificate, and PPO opportunity. Apply via official careers portal.",1,0,0,1,1,1,0,239
Part-time internship. No skills needed. Earn money daily. Fast-track joining after registration charge.,0,0,1,0,0,0,1,103
Part-time internship. No skills needed. Earn money daily. Fast-track joining after registration charge.,0,1,1,0,0,1,1,103
"Digital Marketing Internship at TCS in Hyderabad. Mode: Hybrid. Duration 6 months. Stipend ₹25000/month. Selected interns will work on live projects, receive mentorship, certificate, and PPO opportunity. Apply via official careers portal.",1,0,0,1,1,1,0,238
"DevOps Internship at Myntra in Chennai. Mode: Remote. Duration 2 months. Stipend ₹12000/month. Selected interns will work on live projects, receive mentorship, certificate, and PPO opportunity. Apply via official careers portal.",1,0,0,1,1,0,0,228
Online internship for students. Pay security deposit and start earning immediately. WhatsApp to join.,0,0,1,0,0,0,1,101
"Data Science Internship at Google India in Pune. Mode: Remote. Duration 2 months. Stipend ₹5000/month. Selected interns will work on live projects, receive mentorship, certificate, and PPO opportunity. Apply via official careers portal.",1,0,0,1,1,1,0,236
"Full Stack Development Internship at Myntra in Pune. Mode: Hybrid. Duration 3 months. Stipend ₹8000/month. Selected interns will work on live projects, receive mentorship, certificate, and PPO opportunity. Apply via official careers portal.",1,0,0,1,1,0,0,240
"Full Stack Development Internship at Flipkart in Delhi. Mode: On-site. Duration 3 months. Stipend ₹12000/month. Selected interns will work on live projects, receive mentorship, certificate, and PPO opportunity. Apply via official careers portal.",1,0,0,1,1,1,0,245
"Backend Development Internship at Razorpay in Gurugram. Mode: Remote. Duration 3 months. Stipend ₹30000/month. Selected interns will work on live projects, receive mentorship, certificate, and PPO opportunity. Apply via official careers portal.",1,0,0,1,1,0,0,244
"DevOps Internship at Nykaa in Hyderabad. Mode: On-site. Duration 6 months. Stipend ₹30000/month. Selected interns will work on live projects, receive mentorship, certificate, and PPO opportunity. Apply via official careers portal.",1,0,0,1,1,1,0,230
"QA Testing Internship at Paytm in Bengaluru. Mode: On-site. Duration 6 months. Stipend ₹20000/month. Selected interns will work on live projects, receive mentorship, certificate, and PPO opportunity. Apply via official careers portal.",1,0,0,1,1,0,0,234
Work from home internship. Earn ₹5000 daily. No interview. Apply on WhatsApp. Registration fee required.,0,0,0,0,1,0,1,104
Online internship for students. Pay security deposit and start earning immediately. WhatsApp to join.,0,1,0,0,0,1,0,101
"QA Testing Internship at Razorpay in Pune. Mode: Hybrid. Duration 3 months. Stipend ₹25000/month. Selected interns will work on live projects, receive mentorship, certificate, and PPO opportunity. Apply via official careers portal.",1,0,0,1,1,0,0,231
"Backend Development Internship at Tech Mahindra in Chennai. Mode: Hybrid. Duration 4 months. Stipend ₹12000/month. Selected interns will work on live projects, receive mentorship, certificate, and PPO opportunity. Apply via official careers portal.",1,0,0,1,1,0,0,248
"Frontend Development Internship at Freshworks in Noida. Mode: Hybrid. Duration 4 months. Stipend ₹15000/month. Selected interns will work on live projects, receive mentorship, certificate, and PPO opportunity. Apply via official careers portal.",1,0,0,1,1,0,0,244
"Mobile App Development Internship at Infosys in Bengaluru. Mode: Remote. Duration 6 months. Stipend ₹12000/month. Selected interns will work on live projects, receive mentorship, certificate, and PPO opportunity. Apply via official careers portal.",1,0,0,1,1,0,0,247
Work from home internship. Earn ₹3000 daily. No interview. Apply on WhatsApp. Registration fee required.,0,1,0,0,0,0,1,104
Urgent hiring for interns. Guaranteed income of ₹500/day. Limited seats. Instant selection after payment.,0,1,1,0,0,1,1,105
Online internship for students. Pay security deposit and start earning immediately. WhatsApp to join.,0,1,1,0,1,1,1,101
"Embedded Systems Internship at Tech Mahindra in Bengaluru. Mode: Remote. Duration 6 months. Stipend ₹20000/month. Selected interns will work on live projects, receive mentorship, certificate, and PPO opportunity. Apply via official careers portal.",1,0,0,1,1,0,0,247
Work from home internship. Earn ₹5000 daily. No interview. Apply on WhatsApp. Registration fee required.,0,0,1,0,0,0,1,104
Urgent hiring for interns. Guaranteed income of ₹1000/day. Limited seats. Instant selection after payment.,0,1,0,0,0,1,1,106
"Data Science Internship at Freshworks in Delhi. Mode: Hybrid. Duration 6 months. Stipend ₹30000/month. Selected interns will work on live projects, receive mentorship, certificate, and PPO opportunity. Apply via official careers portal.",1,0,0,1,1,0,0,236
Work from home internship. Earn ₹5000 daily. No interview. Apply on WhatsApp. Registration fee required.,0,1,0,0,0,1,0,104
"Software Development Internship at Wipro in Bengaluru. Mode: Hybrid. Duration 4 months. Stipend ₹15000/month. Selected interns will work on live projects, receive mentorship, certificate, and PPO opportunity. Apply via official careers portal.",1,0,0,1,1,0,0,243
Work from home internship. Earn ₹3000 daily. No interview. Apply on WhatsApp. Registration fee required.,0,0,0,0,0,0,1,104
"Cloud Computing Internship at Amazon India in Hyderabad. Mode: Remote. Duration 6 months. Stipend ₹30000/month. Selected interns will work on live projects, receive mentorship, certificate, and PPO opportunity. Apply via official careers portal.",1,0,0,1,1,0,0,245
Urgent hiring for interns. Guaranteed income of ₹1000/day. Limited seats. Instant selection after payment.,0,1,1,0,1,0,0,106
"Backend Development Internship at L&T in Mumbai. Mode: Remote. Duration 2 months. Stipend ₹30000/month. Selected interns will work on live projects, receive mentorship, certificate, and PPO opportunity. Apply via official careers portal.",1,0,0,1,1,0,0,237
"QA Testing Internship at Google India in Gurugram. Mode: On-site. Duration 4 months. Stipend ₹5000/month. Selected interns will work on live projects, receive mentorship, certificate, and PPO opportunity. Apply via official careers portal.",1,0,0,1,1,0,0,239
"Frontend Development Internship at L&T in Delhi. Mode: Hybrid. Duration 4 months. Stipend ₹25000/month. Selected interns will work on live projects, receive mentorship, certificate, and PPO opportunity. Apply via official careers portal.",1,0,0,1,1,1,0,237
"Mobile App Development Internship at Accenture in Chennai. Mode: On-site. Duration 2 months. Stipend ₹30000/month. Selected interns will work on live projects, receive mentorship, certificate, and PPO opportunity. Apply via official careers portal.",1,0,0,1,1,0,0,248
"Backend Development Internship at Paytm in Gurugram. Mode: Remote. Duration 2 months. Stipend ₹12000/month. Selected interns will work on live projects, receive mentorship, certificate, and PPO opportunity. Apply via official careers portal.",1,0,0,1,1,0,0,241
"Software Development Internship at Nykaa in Bengaluru. Mode: Hybrid. Duration 6 months. Stipend ₹15000/month. Selected interns will work on live projects, receive mentorship, certificate, and PPO opportunity. Apply via official careers portal.",1,0,0,1,1,0,0,243
"Frontend Development Internship at Tech Mahindra in Chennai. Mode: On-site. Duration 2 months. Stipend ₹25000/month. Selected interns will work on live projects, receive mentorship, certificate, and PPO opportunity. Apply via official careers portal.",1,0,0,1,1,0,0,250
"Software Development Internship at Infosys in Delhi. Mode: Remote. Duration 3 months. Stipend ₹20000/month. Selected interns will work on live projects, receive mentorship, certificate, and PPO opportunity. Apply via official careers portal.",1,0,0,1,1,0,0,241
"Data Science Internship at Zoho in Mumbai. Mode: On-site. Duration 3 months. Stipend ₹25000/month. Selected interns will work on live projects, receive mentorship, certificate, and PPO opportunity. Apply via official careers portal.",1,0,0,1,1,0,0,232
Part-time internship. No skills needed. Earn money daily. Fast-track joining after registration charge.,0,1,1,0,1,1,1,103
Online internship for students. Pay security deposit and start earning immediately. WhatsApp to join.,0,1,0,0,0,0,0,101
Online internship for students. Pay security deposit and start earning immediately. WhatsApp to join.,0,1,1,0,0,1,1,101
Part-time internship. No skills needed. Earn money daily. Fast-track joining after registration charge.,0,1,0,0,0,1,0,103
Work from home internship. Earn ₹500 daily. No interview. Apply on WhatsApp. Registration fee required.,0,1,0,0,1,1,0,103
"Full Stack Development Internship at Razorpay in Hyderabad. Mode: Remote. Duration 4 months. Stipend ₹30000/month. Selected interns will work on live projects, receive mentorship, certificate, and PPO opportunity. Apply via official careers portal.",1,0,0,1,1,1,0,248
"Digital Marketing Internship at Microsoft India in Mumbai. Mode: Remote. Duration 3 months. Stipend ₹25000/month. Selected interns will work on live projects, receive mentorship, certificate, and PPO opportunity. Apply via official careers portal.",1,0,0,1,1,0,0,247
"DevOps Internship at Tech Mahindra in Hyderabad. Mode: Hybrid. Duration 6 months. Stipend ₹5000/month. Selected interns will work on live projects, receive mentorship, certificate, and PPO opportunity. Apply via official careers portal.",1,0,0,1,1,0,0,236
Online internship for students. Pay security deposit and start earning immediately. WhatsApp to join.,0,0,1,0,0,0,1,101
"DevOps Internship at L&T in Pune. Mode: On-site. Duration 2 months. Stipend ₹10000/month. Selected interns will work on live projects, receive mentorship, certificate, and PPO opportunity. Apply via official careers portal.",1,0,0,1,1,0,0,223
"QA Testing Internship at Accenture in Delhi. Mode: Remote. Duration 3 months. Stipend ₹8000/month. Selected interns will work on live projects, receive mentorship, certificate, and PPO opportunity. Apply via official careers portal.",1,0,0,1,1,0,0,232
"Data Science Internship at Tech Mahindra in Mumbai. Mode: Remote. Duration 2 months. Stipend ₹5000/month. Selected interns will work on live projects, receive mentorship, certificate, and PPO opportunity. Apply via official careers portal.",1,0,0,1,1,1,0,239
"Cloud Computing Internship at Nykaa in Bengaluru. Mode: On-site. Duration 2 months. Stipend ₹12000/month. Selected interns will work on live projects, receive mentorship, certificate, and PPO opportunity. Apply via official careers portal.",1,0,0,1,1,0,0,239
Online internship for students. Pay security deposit and start earning immediately. WhatsApp to join.,0,1,1,0,0,0,1,101
"Full Stack Development Internship at Microsoft India in Hyderabad. Mode: Hybrid. Duration 4 months. Stipend ₹30000/month. Selected interns will work on live projects, receive mentorship, certificate, and PPO opportunity. Apply via official careers portal.",1,0,0,1,1,0,0,255
"Cloud Computing Internship at Naukri in Delhi. Mode: Remote. Duration 2 months. Stipend ₹15000/month. Selected interns will work on live projects, receive mentorship, certificate, and PPO opportunity. Apply via official careers portal.",1,0,0,1,1,0,0,235
Part-time internship. No skills needed. Earn money daily. Fast-track joining after registration charge.,0,1,1,0,1,0,1,103
"Frontend Development Internship at Paytm in Hyderabad. Mode: Hybrid. Duration 2 months. Stipend ₹10000/month. Selected interns will work on live projects, receive mentorship, certificate, and PPO opportunity. Apply via official careers portal.",1,0,0,1,1,0,0,243
Work from home internship. Earn ₹1500 daily. No interview. Apply on WhatsApp. Registration fee required.,0,0,1,0,0,0,1,104
Online internship for students. Pay security deposit and start earning immediately. WhatsApp to join.,0,1,1,0,1,0,1,101
"Frontend Development Internship at Flipkart in Gurugram. Mode: Remote. Duration 3 months. Stipend ₹12000/month. Selected interns will work on live projects, receive mentorship, certificate, and PPO opportunity. Apply via official careers portal.",1,0,0,1,1,0,0,245
"Software Development Internship at Freshworks in Delhi. Mode: Hybrid. Duration 2 months. Stipend ₹8000/month. Selected interns will work on live projects, receive mentorship, certificate, and PPO opportunity. Apply via official careers portal.",1,0,0,1,1,0,0,243
Part-time internship. No skills needed. Earn money daily. Fast-track joining after registration charge.,0,1,1,0,1,1,1,103
"Cybersecurity Internship at Myntra in Bengaluru. Mode: On-site. Duration 3 months. Stipend ₹10000/month. Selected interns will work on live projects, receive mentorship, certificate, and PPO opportunity. Apply via official careers portal.",1,0,0,1,1,0,0,238
Urgent hiring for interns. Guaranteed income of ₹2000/day. Limited seats. Instant selection after payment.,0,1,1,0,1,1,0,106
"Machine Learning Internship at Myntra in Chennai. Mode: Hybrid. Duration 3 months. Stipend ₹20000/month. Selected interns will work on live projects, receive mentorship, certificate, and PPO opportunity. Apply via official careers portal.",1,0,0,1,1,0,0,238
Online internship for students. Pay security deposit and start earning immediately. WhatsApp to join.,0,1,0,0,0,1,1,101
"Cybersecurity Internship at Flipkart in Delhi. Mode: Hybrid. Duration 4 months. Stipend ₹15000/month. Selected interns will work on live projects, receive mentorship, certificate, and PPO opportunity. Apply via official careers portal.",1,0,0,1,1,0,0,235
Urgent hiring for interns. Guaranteed income of ₹5000/day. Limited seats. Instant selection after payment.,0,1,1,0,1,1,1,106
"DevOps Internship at Razorpay in Delhi. Mode: On-site. Duration 6 months. Stipend ₹30000/month. Selected interns will work on live projects, receive mentorship, certificate, and PPO opportunity. Apply via official careers portal.",1,0,0,1,1,0,0,229
"Mobile App Development Internship at Accenture in Mumbai. Mode: Remote. Duration 2 months. Stipend ₹12000/month. Selected interns will work on live projects, receive mentorship, certificate, and PPO opportunity. Apply via official careers portal.",1,0,0,1,1,0,0,246
Urgent hiring for interns. Guaranteed income of ₹1000/day. Limited seats. Instant selection after payment.,0,1,1,0,0,1,0,106
Part-time internship. No skills needed. Earn money daily. Fast-track joining after registration charge.,0,1,0,0,0,1,1,103
"Machine Learning Internship at Nykaa in Noida. Mode: Hybrid. Duration 6 months. Stipend ₹15000/month. Selected interns will work on live projects, receive mentorship, certificate, and PPO opportunity. Apply via official careers portal.",1,0,0,1,1,1,0,235
"Cybersecurity Internship at Naukri in Gurugram. Mode: On-site. Duration 3 months. Stipend ₹8000/month. Selected interns will work on live projects, receive mentorship, certificate, and PPO opportunity. Apply via official careers portal.",1,0,0,1,1,0,0,236
"Backend Development Internship at HCLTech in Hyderabad. Mode: Hybrid. Duration 4 months. Stipend ₹10000/month. Selected interns will work on live projects, receive mentorship, certificate, and PPO opportunity. Apply via official careers portal.",1,0,0,1,1,0,0,244
"Backend Development Internship at CRED in Chennai. Mode: On-site. Duration 4 months. Stipend ₹12000/month. Selected interns will work on live projects, receive mentorship, certificate, and PPO opportunity. Apply via official careers portal.",1,0,0,1,1,0,0,240
"Software Development Internship at L&T in Pune. Mode: Remote. Duration 4 months. Stipend ₹30000/month. Selected interns will work on live projects, receive mentorship, certificate, and PPO opportunity. Apply via official careers portal.",1,0,0,1,1,0,0,236
Part-time internship. No skills needed. Earn money daily. Fast-track joining after registration charge.,0,1,0,0,0,1,1,103
Urgent hiring for interns. Guaranteed income of ₹2000/day. Limited seats. Instant selection after payment.,0,0,1,0,0,1,0,106
"Frontend Development Internship at L&T in Noida. Mode: Hybrid. Duration 2 months. Stipend ₹25000/month. Selected interns will work on live projects, receive mentorship, certificate, and PPO opportunity. Apply via official careers portal.",1,0,0,1,1,0,0,237
"UI/UX Design Internship at Amazon India in Delhi. Mode: Hybrid. Duration 4 months. Stipend ₹25000/month. Selected interns will work on live projects, receive mentorship, certificate, and PPO opportunity. Apply via official careers portal.",1,0,0,1,1,0,0,238
"Mobile App Development Internship at TCS in Delhi. Mode: Hybrid. Duration 2 months. Stipend ₹12000/month. Selected interns will work on live projects, receive mentorship, certificate, and PPO opportunity. Apply via official careers portal.",1,0,0,1,1,1,0,239
Work from home internship. Earn ₹1500 daily. No interview. Apply on WhatsApp. Registration fee required.,0,1,0,0,1,1,0,104
"Mobile App Development Internship at Amazon India in Pune. Mode: On-site. Duration 6 months. Stipend ₹30000/month. Selected interns will work on live projects, receive mentorship, certificate, and PPO opportunity. Apply via official careers portal.",1,0,0,1,1,0,0,248
"Mobile App Development Internship at Flipkart in Bengaluru. Mode: On-site. Duration 2 months. Stipend ₹10000/month. Selected interns will work on live projects, receive mentorship, certificate, and PPO opportunity. Apply via official careers portal.",1,0,0,1,1,0,0,249
Work from home internship. Earn ₹3000 daily. No interview. Apply on WhatsApp. Registration fee required.,0,1,0,0,1,1,1,104
"Full Stack Development Internship at L&T in Pune. Mode: On-site. Duration 4 months. Stipend ₹20000/month. Selected interns will work on live projects, receive mentorship, certificate, and PPO opportunity. Apply via official careers portal.",1,0,0,1,1,0,0,239
"Business Analytics Internship at Amazon India in Pune. Mode: On-site. Duration 6 months. Stipend ₹10000/month. Selected interns will work on live projects, receive mentorship, certificate, and PPO opportunity. Apply via official careers portal.",1,0,0,1,1,0,0,244
"Cybersecurity Internship at Microsoft India in Mumbai. Mode: Hybrid. Duration 4 months. Stipend ₹30000/month. Selected interns will work on live projects, receive mentorship, certificate, and PPO opportunity. Apply via official careers portal.",1,0,0,1,1,0,0,243
"Embedded Systems Internship at Nykaa in Noida. Mode: Remote. Duration 4 months. Stipend ₹5000/month. Selected interns will work on live projects, receive mentorship, certificate, and PPO opportunity. Apply via official careers portal.",1,0,0,1,1,1,0,234
"Full Stack Development Internship at Naukri in Chennai. Mode: Hybrid. Duration 6 months. Stipend ₹20000/month. Selected interns will work on live projects, receive mentorship, certificate, and PPO opportunity. Apply via official careers portal.",1,0,0,1,1,0,0,244
"Machine Learning Internship at L&T in Bengaluru. Mode: Hybrid. Duration 2 months. Stipend ₹30000/month. Selected interns will work on live projects, receive mentorship, certificate, and PPO opportunity. Apply via official careers portal.",1,0,0,1,1,0,0,237
"Embedded Systems Internship at Wipro in Delhi. Mode: On-site. Duration 4 months. Stipend ₹8000/month. Selected interns will work on live projects, receive mentorship, certificate, and PPO opportunity. Apply via official careers portal.",1,0,0,1,1,0,0,235
"Data Science Internship at Tech Mahindra in Noida. Mode: Hybrid. Duration 3 months. Stipend ₹8000/month. Selected interns will work on live projects, receive mentorship, certificate, and PPO opportunity. Apply via official careers portal.",1,0,0,1,1,0,0,238
"Data Science Internship at Microsoft India in Chennai. Mode: Remote. Duration 4 months. Stipend ₹25000/month. Selected interns will work on live projects, receive mentorship, certificate, and PPO opportunity. Apply via official careers portal.",1,0,0,1,1,0,0,243
"Machine Learning Internship at Naukri in Hyderabad. Mode: Remote. Duration 3 months. Stipend ₹8000/month. Selected interns will work on live projects, receive mentorship, certificate, and PPO opportunity. Apply via official careers portal.",1,0,0,1,1,0,0,239
"Cybersecurity Internship at Nykaa in Delhi. Mode: Hybrid. Duration 2 months. Stipend ₹15000/month. Selected interns will work on live projects, receive mentorship, certificate, and PPO opportunity. Apply via official careers portal.",1,0,0,1,1,0,0,232
"Machine Learning Internship at Infosys in Chennai. Mode: On-site. Duration 3 months. Stipend ₹15000/month. Selected interns will work on live projects, receive mentorship, certificate, and PPO opportunity. Apply via official careers portal.",1,0,0,1,1,0,0,240
Urgent hiring for interns. Guaranteed income of ₹1500/day. Limited seats. Instant selection after payment.,0,1,1,0,0,1,1,106
"DevOps Internship at CRED in Delhi. Mode: Hybrid. Duration 6 months. Stipend ₹15000/month. Selected interns will work on live projects, receive mentorship, certificate, and PPO opportunity. Apply via official careers portal.",1,0,0,1,1,1,0,224
Online internship for students. Pay security deposit and start earning immediately. WhatsApp to join.,0,1,1,0,1,1,1,101
Online internship for students. Pay security deposit and start earning immediately. WhatsApp to join.,0,1,1,0,0,0,0,101
"Full Stack Development Internship at Nykaa in Mumbai. Mode: Hybrid. Duration 3 months. Stipend ₹12000/month. Selected interns will work on live projects, receive mentorship, certificate, and PPO opportunity. Apply via official careers portal.",1,0,0,1,1,1,0,242
Urgent hiring for interns. Guaranteed income of ₹500/day. Limited seats. Instant selection after payment.,0,0,1,0,1,1,1,105
"Frontend Development Internship at Google India in Mumbai. Mode: Hybrid. Duration 6 months. Stipend ₹25000/month. Selected interns will work on live projects, receive mentorship, certificate, and PPO opportunity. Apply via official careers portal.",1,0,0,1,1,0,0,247
"QA Testing Internship at Nykaa in Delhi. Mode: Remote. Duration 2 months. Stipend ₹25000/month. Selected interns will work on live projects, receive mentorship, certificate, and PPO opportunity. Apply via official careers portal.",1,0,0,1,1,0,0,229
"Business Analytics Internship at Accenture in Bengaluru. Mode: On-site. Duration 2 months. Stipend ₹25000/month. Selected interns will work on live projects, receive mentorship, certificate, and PPO opportunity. Apply via official careers portal.",1,0,0,1,1,0,0,246
"Embedded Systems Internship at L&T in Gurugram. Mode: On-site. Duration 4 months. Stipend ₹10000/month. Selected interns will work on live projects, receive mentorship, certificate, and PPO opportunity. Apply via official careers portal.",1,0,0,1,1,0,0,237
"Cloud Computing Internship at Flipkart in Pune. Mode: Hybrid. Duration 6 months. Stipend ₹20000/month. Selected interns will work on live projects, receive mentorship, certificate, and PPO opportunity. Apply via official careers portal.",1,0,0,1,1,1,0,236
"Business Analytics Internship at Nykaa in Hyderabad. Mode: Remote. Duration 3 months. Stipend ₹5000/month. Selected interns will work on live projects, receive mentorship, certificate, and PPO opportunity. Apply via official careers portal.",1,0,0,1,1,0,0,240
Work from home internship. Earn ₹1500 daily. No interview. Apply on WhatsApp. Registration fee required.,0,1,1,0,0,1,1,104
"Digital Marketing Internship at L&T in Delhi. Mode: Hybrid. Duration 2 months. Stipend ₹20000/month. Selected interns will work on live projects, receive mentorship, certificate, and PPO opportunity. Apply via official careers portal.",1,0,0,1,1,0,0,234
Urgent hiring for interns. Guaranteed income of ₹1500/day. Limited seats. Instant selection after payment.,0,1,1,0,1,1,1,106
"Backend Development Internship at Myntra in Bengaluru. Mode: On-site. Duration 4 months. Stipend ₹12000/month. Selected interns will work on live projects, receive mentorship, certificate, and PPO opportunity. Apply via official careers portal.",1,0,0,1,1,0,0,244
Online internship for students. Pay security deposit and start earning immediately. WhatsApp to join.,0,1,1,0,1,0,1,101
"DevOps Internship at Naukri in Bengaluru. Mode: On-site. Duration 6 months. Stipend ₹25000/month. Selected interns will work on live projects, receive mentorship, certificate, and PPO opportunity. Apply via official careers portal.",1,0,0,1,1,0,0,231
Work from home internship. Earn ₹1500 daily. No interview. Apply on WhatsApp. Registration fee required.,0,0,1,0,1,0,1,104
Urgent hiring for interns. Guaranteed income of ₹3000/day. Limited seats. Instant selection after payment.,0,1,0,0,1,1,1,106
Part-time internship. No skills needed. Earn money daily. Fast-track joining after registration charge.,0,0,1,0,1,1,1,103
"Embedded Systems Internship at Amazon India in Delhi. Mode: On-site. Duration 6 months. Stipend ₹20000/month. Selected interns will work on live projects, receive mentorship, certificate, and PPO opportunity. Apply via official careers portal.",1,0,0,1,1,0,0,243
Work from home internship. Earn ₹2000 daily. No interview. Apply on WhatsApp. Registration fee required.,0,1,0,0,1,1,0,104
"Business Analytics Internship at TCS in Pune. Mode: Hybrid. Duration 6 months. Stipend ₹20000/month. Selected interns will work on live projects, receive mentorship, certificate, and PPO opportunity. Apply via official careers portal.",1,0,0,1,1,1,0,234
Urgent hiring for interns. Guaranteed income of ₹500/day. Limited seats. Instant selection after payment.,0,1,1,0,0,0,1,105
"Embedded Systems Internship at Myntra in Gurugram. Mode: On-site. Duration 2 months. Stipend ₹8000/month. Selected interns will work on live projects, receive mentorship, certificate, and PPO opportunity. Apply via official careers portal.",1,0,0,1,1,0,0,239
"UI/UX Design Internship at Naukri in Bengaluru. Mode: Hybrid. Duration 4 months. Stipend ₹12000/month. Selected interns will work on live projects, receive mentorship, certificate, and PPO opportunity. Apply via official careers portal.",1,0,0,1,1,0,0,236
Part-time internship. No skills needed. Earn money daily. Fast-track joining after registration charge.,0,1,1,0,1,1,1,103
Work from home internship. Earn ₹2000 daily. No interview. Apply on WhatsApp. Registration fee required.,0,1,1,0,0,1,1,104
Urgent hiring for interns. Guaranteed income of ₹1000/day. Limited seats. Instant selection after payment.,0,1,0,0,1,1,1,106
"Digital Marketing Internship at CRED in Gurugram. Mode: Hybrid. Duration 3 months. Stipend ₹25000/month. Selected interns will work on live projects, receive mentorship, certificate, and PPO opportunity. Apply via official careers portal.",1,0,0,1,1,1,0,238
"Frontend Development Internship at Flipkart in Pune. Mode: On-site. Duration 2 months. Stipend ₹8000/month. Selected interns will work on live projects, receive mentorship, certificate, and PPO opportunity. Apply via official careers portal.",1,0,0,1,1,0,0,241
"Cloud Computing Internship at HCLTech in Hyderabad. Mode: Hybrid. Duration 3 months. Stipend ₹10000/month. Selected interns will work on live projects, receive mentorship, certificate, and PPO opportunity. Apply via official careers portal.",1,0,0,1,1,1,0,240
"Frontend Development Internship at Myntra in Mumbai. Mode: Hybrid. Duration 3 months. Stipend ₹8000/month. Selected interns will work on live projects, receive mentorship, certificate, and PPO opportunity. Apply via official careers portal.",1,0,0,1,1,0,0,240
Part-time internship. No skills needed. Earn money daily. Fast-track joining after registration charge.,0,1,1,0,0,1,1,103
"Frontend Development Internship at CRED in Hyderabad. Mode: On-site. Duration 3 months. Stipend ₹20000/month. Selected interns will work on live projects, receive mentorship, certificate, and PPO opportunity. Apply via official careers portal.",1,0,0,1,1,0,0,243
Online internship for students. Pay security deposit and start earning immediately. WhatsApp to join.,0,0,1,0,1,0,0,101
"Cybersecurity Internship at L&T in Pune. Mode: Remote. Duration 4 months. Stipend ₹12000/month. Selected interns will work on live projects, receive mentorship, certificate, and PPO opportunity. Apply via official careers portal.",1,0,0,1,1,0,0,229
Urgent hiring for interns. Guaranteed income of ₹3000/day. Limited seats. Instant selection after payment.,0,1,1,0,0,1,0,106
Urgent hiring for interns. Guaranteed income of ₹1000/day. Limited seats. Instant selection after payment.,0,1,0,0,1,0,0,106
"Frontend Development Internship at Myntra in Pune. Mode: On-site. Duration 4 months. Stipend ₹5000/month. Selected interns will work on live projects, receive mentorship, certificate, and PPO opportunity. Apply via official careers portal.",1,0,0,1,1,0,0,239
"DevOps Internship at Paytm in Chennai. Mode: Hybrid. Duration 4 months. Stipend ₹25000/month. Selected interns will work on live projects, receive mentorship, certificate, and PPO opportunity. Apply via official careers portal.",1,0,0,1,1,0,0,227
"DevOps Internship at Deloitte India in Pune. Mode: Hybrid. Duration 4 months. Stipend ₹5000/month. Selected interns will work on live projects, receive mentorship, certificate, and PPO opportunity. Apply via official careers portal.",1,0,0,1,1,0,0,232
"Embedded Systems Internship at HCLTech in Hyderabad. Mode: Remote. Duration 6 months. Stipend ₹5000/month. Selected interns will work on live projects, receive mentorship, certificate, and PPO opportunity. Apply via official careers portal.",1,0,0,1,1,0,0,240
Work from home internship. Earn ₹1000 daily. No interview. Apply on WhatsApp. Registration fee required.,0,1,0,0,1,1,1,104
Part-time internship. No skills needed. Earn money daily. Fast-track joining after registration charge.,0,1,1,0,1,1,1,103
"Data Science Internship at HCLTech in Noida. Mode: Remote. Duration 6 months. Stipend ₹25000/month. Selected interns will work on live projects, receive mentorship, certificate, and PPO opportunity. Apply via official careers portal.",1,0,0,1,1,0,0,233
"Full Stack Development Internship at CRED in Noida. Mode: Hybrid. Duration 6 months. Stipend ₹12000/month. Selected interns will work on live projects, receive mentorship, certificate, and PPO opportunity. Apply via official careers portal.",1,0,0,1,1,0,0,240
"Machine Learning Internship at Amazon India in Gurugram. Mode: On-site. Duration 4 months. Stipend ₹15000/month. Selected interns will work on live projects, receive mentorship, certificate, and PPO opportunity. Apply via official careers portal.",1,0,0,1,1,0,0,246
"Software Development Internship at L&T in Gurugram. Mode: Hybrid. Duration 6 months. Stipend ₹12000/month. Selected interns will work on live projects, receive mentorship, certificate, and PPO opportunity. Apply via official careers portal.",1,0,0,1,1,0,0,240
Urgent hiring for interns. Guaranteed income of ₹3000/day. Limited seats. Instant selection after payment.,0,0,0,0,0,0,0,106
"Data Science Internship at Freshworks in Pune. Mode: Hybrid. Duration 4 months. Stipend ₹8000/month. Selected interns will work on live projects, receive mentorship, certificate, and PPO opportunity. Apply via official careers portal.",1,0,0,1,1,0,0,234
"Software Development Internship at Deloitte India in Chennai. Mode: Remote. Duration 6 months. Stipend ₹5000/month. Selected interns will work on live projects, receive mentorship, certificate, and PPO opportunity. Apply via official careers portal.",1,0,0,1,1,0,0,249
"Cybersecurity Internship at Wipro in Gurugram. Mode: Hybrid. Duration 4 months. Stipend ₹15000/month. Selected interns will work on live projects, receive mentorship, certificate, and PPO opportunity. Apply via official careers portal.",1,0,0,1,1,0,0,235
"DevOps Internship at Naukri in Gurugram. Mode: On-site. Duration 3 months. Stipend ₹20000/month. Selected interns will work on live projects, receive mentorship, certificate, and PPO opportunity. Apply via official careers portal.",1,0,0,1,1,1,0,230
"QA Testing Internship at Accenture in Hyderabad. Mode: On-site. Duration 2 months. Stipend ₹20000/month. Selected interns will work on live projects, receive mentorship, certificate, and PPO opportunity. Apply via official careers portal.",1,0,0,1,1,1,0,238
"Mobile App Development Internship at Naukri in Delhi. Mode: Remote. Duration 2 months. Stipend ₹12000/month. Selected interns will work on live projects, receive mentorship, certificate, and PPO opportunity. Apply via official careers portal.",1,0,0,1,1,0,0,242
Online internship for students. Pay security deposit and start earning immediately. WhatsApp to join.,0,1,1,0,0,1,0,101
"Backend Development Internship at HCLTech in Hyderabad. Mode: On-site. Duration 6 months. Stipend ₹12000/month. Selected interns will work on live projects, receive mentorship, certificate, and PPO opportunity. Apply via official careers portal.",1,0,0,1,1,0,0,245
"DevOps Internship at Flipkart in Chennai. Mode: Hybrid. Duration 4 months. Stipend ₹20000/month. Selected interns will work on live projects, receive mentorship, certificate, and PPO opportunity. Apply via official careers portal.",1,0,0,1,1,0,0,230
Urgent hiring for interns. Guaranteed income of ₹5000/day. Limited seats. Instant selection after payment.,0,1,1,0,1,1,1,106
"Data Science Internship at Freshworks in Bengaluru. Mode: On-site. Duration 4 months. Stipend ₹15000/month. Selected interns will work on live projects, receive mentorship, certificate, and PPO opportunity. Apply via official careers portal.",1,0,0,1,1,1,0,241
"Frontend Development Internship at Amazon India in Noida. Mode: Hybrid. Duration 6 months. Stipend ₹10000/month. Selected interns will work on live projects, receive mentorship, certificate, and PPO opportunity. Apply via official careers portal.",1,0,0,1,1,0,0,246
"Cloud Computing Internship at Tech Mahindra in Gurugram. Mode: On-site. Duration 4 months. Stipend ₹25000/month. Selected interns will work on live projects, receive mentorship, certificate, and PPO opportunity. Apply via official careers portal.",1,0,0,1,1,1,0,246
"UI/UX Design Internship at HCLTech in Bengaluru. Mode: Remote. Duration 6 months. Stipend ₹10000/month. Selected interns will work on live projects, receive mentorship, certificate, and PPO opportunity. Apply via official careers portal.",1,0,0,1,1,0,0,237
"DevOps Internship at Flipkart in Noida. Mode: Remote. Duration 2 months. Stipend ₹5000/month. Selected interns will work on live projects, receive mentorship, certificate, and PPO opportunity. Apply via official careers portal.",1,0,0,1,1,0,0,227
"Machine Learning Internship at Paytm in Gurugram. Mode: Remote. Duration 3 months. Stipend ₹10000/month. Selected interns will work on live projects, receive mentorship, certificate, and PPO opportunity. Apply via official careers portal.",1,0,0,1,1,0,0,238
"QA Testing Internship at Naukri in Hyderabad. Mode: Remote. Duration 3 months. Stipend ₹5000/month. Selected interns will work on live projects, receive mentorship, certificate, and PPO opportunity. Apply via official careers portal.",1,0,0,1,1,0,0,233
Work from home internship. Earn ₹1500 daily. No interview. Apply on WhatsApp. Registration fee required.,0,1,0,0,0,1,1,104
Work from home internship. Earn ₹1500 daily. No interview. Apply on WhatsApp. Registration fee required.,0,0,1,0,0,1,0,104
"Data Science Internship at Flipkart in Hyderabad. Mode: On-site. Duration 4 months. Stipend ₹15000/month. Selected interns will work on live projects, receive mentorship, certificate, and PPO opportunity. Apply via official careers portal.",1,0,0,1,1,0,0,239
Work from home internship. Earn ₹1500 daily. No interview. Apply on WhatsApp. Registration fee required.,0,0,0,0,1,0,1,104
"Full Stack Development Internship at Zoho in Pune. Mode: On-site. Duration 3 months. Stipend ₹20000/month. Selected interns will work on live projects, receive mentorship, certificate, and PPO opportunity. Apply via official careers portal.",1,0,0,1,1,0,0,240
Part-time internship. No skills needed. Earn money daily. Fast-track joining after registration charge.,0,1,1,0,0,0,0,103
"Cybersecurity Internship at Zoho in Noida. Mode: Remote. Duration 3 months. Stipend ₹5000/month. Selected interns will work on live projects, receive mentorship, certificate, and PPO opportunity. Apply via official careers portal.",1,0,0,1,1,0,0,230
Work from home internship. Earn ₹2000 daily. No interview. Apply on WhatsApp. Registration fee required.,0,1,0,0,1,1,1,104
"Backend Development Internship at Myntra in Bengaluru. Mode: Remote. Duration 4 months. Stipend ₹15000/month. Selected interns will work on live projects, receive mentorship, certificate, and PPO opportunity. Apply via official careers portal.",1,0,0,1,1,0,0,243
"Data Science Internship at Google India in Gurugram. Mode: Hybrid. Duration 3 months. Stipend ₹30000/month. Selected interns will work on live projects, receive mentorship, certificate, and PPO opportunity. Apply via official careers portal.",1,0,0,1,1,0,0,241
Work from home internship. Earn ₹1000 daily. No interview. Apply on WhatsApp. Registration fee required.,0,1,1,0,0,0,1,104
"Cloud Computing Internship at Tech Mahindra in Chennai. Mode: Hybrid. Duration 2 months. Stipend ₹15000/month. Selected interns will work on live projects, receive mentorship, certificate, and PPO opportunity. Apply via official careers portal.",1,0,0,1,1,0,0,244
"Embedded Systems Internship at Paytm in Chennai. Mode: Hybrid. Duration 4 months. Stipend ₹8000/month. Selected interns will work on live projects, receive mentorship, certificate, and PPO opportunity. Apply via official careers portal.",1,0,0,1,1,0,0,236
"Embedded Systems Internship at Flipkart in Hyderabad. Mode: Remote. Duration 2 months. Stipend ₹10000/month. Selected interns will work on live projects, receive mentorship, certificate, and PPO opportunity. Apply via official careers portal.",1,0,0,1,1,0,0,242
Part-time internship. No skills needed. Earn money daily. Fast-track joining after registration charge.,0,0,1,0,1,1,0,103
"Software Development Internship at Deloitte India in Pune. Mode: On-site. Duration 3 months. Stipend ₹8000/month. Selected interns will work on live projects, receive mentorship, certificate, and PPO opportunity. Apply via official careers portal.",1,0,0,1,1,0,0,247
"Cloud Computing Internship at TCS in Pune. Mode: Hybrid. Duration 6 months. Stipend ₹25000/month. Selected interns will work on live projects, receive mentorship, certificate, and PPO opportunity. Apply via official careers portal.",1,0,0,1,1,0,0,231
"UI/UX Design Internship at Wipro in Mumbai. Mode: On-site. Duration 4 months. Stipend ₹8000/month. Selected interns will work on live projects, receive mentorship, certificate, and PPO opportunity. Apply via official careers portal.",1,0,0,1,1,0,0,232
"Software Development Internship at Myntra in Noida. Mode: Hybrid. Duration 4 months. Stipend ₹10000/month. Selected interns will work on live projects, receive mentorship, certificate, and PPO opportunity. Apply via official careers portal.",1,0,0,1,1,0,0,240
"Backend Development Internship at Wipro in Mumbai. Mode: On-site. Duration 4 months. Stipend ₹25000/month. Selected interns will work on live projects, receive mentorship, certificate, and PPO opportunity. Apply via official careers portal.",1,0,0,1,1,0,0,240
"Mobile App Development Internship at Naukri in Pune. Mode: Remote. Duration 2 months. Stipend ₹20000/month. Selected interns will work on live projects, receive mentorship, certificate, and PPO opportunity. Apply via official careers portal.",1,0,0,1,1,0,0,241
"Cybersecurity Internship at Paytm in Bengaluru. Mode: On-site. Duration 2 months. Stipend ₹8000/month. Selected interns will work on live projects, receive mentorship, certificate, and PPO opportunity. Apply via official careers portal.",1,0,0,1,1,0,0,236
Part-time internship. No skills needed. Earn money daily. Fast-track joining after registration charge.,0,1,0,0,1,1,1,103
Part-time internship. No skills needed. Earn money daily. Fast-track joining after registration charge.,0,1,1,0,1,0,1,103
"DevOps Internship at Wipro in Pune. Mode: Hybrid. Duration 4 months. Stipend ₹25000/month. Selected interns will work on live projects, receive mentorship, certificate, and PPO opportunity. Apply via official careers portal.",1,0,0,1,1,0,0,224
"Mobile App Development Internship at Myntra in Mumbai. Mode: Remote. Duration 3 months. Stipend ₹5000/month. Selected interns will work on live projects, receive mentorship, certificate, and PPO opportunity. Apply via official careers portal.",1,0,0,1,1,0,0,242
"Data Science Internship at HCLTech in Gurugram. Mode: Hybrid. Duration 4 months. Stipend ₹10000/month. Selected interns will work on live projects, receive mentorship, certificate, and PPO opportunity. Apply via official careers portal.",1,0,0,1,1,0,0,236
"QA Testing Internship at CRED in Hyderabad. Mode: Hybrid. Duration 3 months. Stipend ₹12000/month. Selected interns will work on live projects, receive mentorship, certificate, and PPO opportunity. Apply via official careers portal.",1,0,0,1,1,1,0,232
"Digital Marketing Internship at L&T in Hyderabad. Mode: Remote. Duration 3 months. Stipend ₹5000/month. Selected interns will work on live projects, receive mentorship, certificate, and PPO opportunity. Apply via official careers portal.",1,0,0,1,1,0,0,237
"Data Science Internship at Wipro in Noida. Mode: Remote. Duration 6 months. Stipend ₹12000/month. Selected interns will work on live projects, receive mentorship, certificate, and PPO opportunity. Apply via official careers portal.",1,0,0,1,1,0,0,231
Urgent hiring for interns. Guaranteed income of ₹2000/day. Limited seats. Instant selection after payment.,0,1,1,0,1,1,0,106
"Cybersecurity Internship at Paytm in Chennai. Mode: Hybrid. Duration 2 months. Stipend ₹20000/month. Selected interns will work on live projects, receive mentorship, certificate, and PPO opportunity. Apply via official careers portal.",1,0,0,1,1,0,0,234
"UI/UX Design Internship at Microsoft India in Noida. Mode: On-site. Duration 2 months. Stipend ₹20000/month. Selected interns will work on live projects, receive mentorship, certificate, and PPO opportunity. Apply via official careers portal.",1,0,0,1,1,0,0,242
Online internship for students. Pay security deposit and start earning immediately. WhatsApp to join.,0,0,1,0,1,1,1,101
"UI/UX Design Internship at Paytm in Pune. Mode: Hybrid. Duration 4 months. Stipend ₹15000/month. Selected interns will work on live projects, receive mentorship, certificate, and PPO opportunity. Apply via official careers portal.",1,0,0,1,1,0,0,230
"Business Analytics Internship at HCLTech in Delhi. Mode: Remote. Duration 4 months. Stipend ₹20000/month. Selected interns will work on live projects, receive mentorship, certificate, and PPO opportunity. Apply via official careers portal.",1,0,0,1,1,0,0,239
"UI/UX Design Internship at Flipkart in Mumbai. Mode: On-site. Duration 6 months. Stipend ₹30000/month. Selected interns will work on live projects, receive mentorship, certificate, and PPO opportunity. Apply via official careers portal.",1,0,0,1,1,0,0,236
Work from home internship. Earn ₹2000 daily. No interview. Apply on WhatsApp. Registration fee required.,0,1,1,0,1,1,1,104
"Embedded Systems Internship at Zoho in Bengaluru. Mode: On-site. Duration 4 months. Stipend ₹15000/month. Selected interns will work on live projects, receive mentorship, certificate, and PPO opportunity. Apply via official careers portal.",1,0,0,1,1,0,0,239
"Mobile App Development Internship at Accenture in Bengaluru. Mode: Hybrid. Duration 6 months. Stipend ₹25000/month. Selected interns will work on live projects, receive mentorship, certificate, and PPO opportunity. Apply via official careers portal.",1,0,0,1,1,0,0,249
"Digital Marketing Internship at Tech Mahindra in Gurugram. Mode: Hybrid. Duration 4 months. Stipend ₹15000/month. Selected interns will work on live projects, receive mentorship, certificate, and PPO opportunity. Apply via official careers portal.",1,0,0,1,1,1,0,247
"Business Analytics Internship at Deloitte India in Hyderabad. Mode: Hybrid. Duration 6 months. Stipend ₹10000/month. Selected interns will work on live projects, receive mentorship, certificate, and PPO opportunity. Apply via official careers portal.",1,0,0,1,1,1,0,250
Work from home internship. Earn ₹500 daily. No interview. Apply on WhatsApp. Registration fee required.,0,1,1,0,1,1,1,103
"Embedded Systems Internship at L&T in Gurugram. Mode: On-site. Duration 3 months. Stipend ₹30000/month. Selected interns will work on live projects, receive mentorship, certificate, and PPO opportunity. Apply via official careers portal.",1,0,0,1,1,1,0,237
"UI/UX Design Internship at Wipro in Delhi. Mode: Hybrid. Duration 6 months. Stipend ₹5000/month. Selected interns will work on live projects, receive mentorship, certificate, and PPO opportunity. Apply via official careers portal.",1,0,0,1,1,1,0,230
"QA Testing Internship at Infosys in Pune. Mode: Hybrid. Duration 3 months. Stipend ₹10000/month. Selected interns will work on live projects, receive mentorship, certificate, and PPO opportunity. Apply via official careers portal.",1,0,0,1,1,0,0,230
"Frontend Development Internship at Google India in Delhi. Mode: Remote. Duration 2 months. Stipend ₹20000/month. Selected interns will work on live projects, receive mentorship, certificate, and PPO opportunity. Apply via official careers portal.",1,0,0,1,1,1,0,246
"Cloud Computing Internship at Accenture in Bengaluru. Mode: Hybrid. Duration 3 months. Stipend ₹5000/month. Selected interns will work on live projects, receive mentorship, certificate, and PPO opportunity. Apply via official careers portal.",1,0,0,1,1,1,0,241
"Mobile App Development Internship at Myntra in Mumbai. Mode: On-site. Duration 6 months. Stipend ₹10000/month. Selected interns will work on live projects, receive mentorship, certificate, and PPO opportunity. Apply via official careers portal.",1,0,0,1,1,0,0,244
"Cloud Computing Internship at Flipkart in Noida. Mode: Remote. Duration 2 months. Stipend ₹20000/month. Selected interns will work on live projects, receive mentorship, certificate, and PPO opportunity. Apply via official careers portal.",1,0,0,1,1,1,0,237
"UI/UX Design Internship at Naukri in Mumbai. Mode: On-site. Duration 3 months. Stipend ₹25000/month. Selected interns will work on live projects, receive mentorship, certificate, and PPO opportunity. Apply via official careers portal.",1,0,0,1,1,1,0,234
"Cloud Computing Internship at Razorpay in Chennai. Mode: Hybrid. Duration 2 months. Stipend ₹20000/month. Selected interns will work on live projects, receive mentorship, certificate, and PPO opportunity. Apply via official careers portal.",1,0,0,1,1,0,0,239
"DevOps Internship at Zoho in Bengaluru. Mode: Remote. Duration 4 months. Stipend ₹30000/month. Selected interns will work on live projects, receive mentorship, certificate, and PPO opportunity. Apply via official careers portal.",1,0,0,1,1,0,0,228
Part-time internship. No skills needed. Earn money daily. Fast-track joining after registration charge.,0,0,1,0,0,0,1,103
"Mobile App Development Internship at HCLTech in Noida. Mode: On-site. Duration 3 months. Stipend ₹10000/month. Selected interns will work on live projects, receive mentorship, certificate, and PPO opportunity. Apply via official careers portal.",1,0,0,1,1,1,0,244
"Backend Development Internship at TCS in Bengaluru. Mode: On-site. Duration 4 months. Stipend ₹10000/month. Selected interns will work on live projects, receive mentorship, certificate, and PPO opportunity. Apply via official careers portal.",1,0,0,1,1,1,0,241
"Machine Learning Internship at TCS in Pune. Mode: Hybrid. Duration 6 months. Stipend ₹25000/month. Selected interns will work on live projects, receive mentorship, certificate, and PPO opportunity. Apply via official careers portal.",1,0,0,1,1,1,0,232
Urgent hiring for interns. Guaranteed income of ₹3000/day. Limited seats. Instant selection after payment.,0,1,0,0,0,1,0,106
"QA Testing Internship at CRED in Chennai. Mode: Hybrid. Duration 3 months. Stipend ₹25000/month. Selected interns will work on live projects, receive mentorship, certificate, and PPO opportunity. Apply via official careers portal.",1,0,0,1,1,0,0,230
"Full Stack Development Internship at Naukri in Mumbai. Mode: Remote. Duration 4 months. Stipend ₹15000/month. Selected interns will work on live projects, receive mentorship, certificate, and PPO opportunity. Apply via official careers portal.",1,0,0,1,1,0,0,243
